{
  "fio version" : "fio-3.41",
  "timestamp" : 1776359605,
  "timestamp_ms" : 1776359605149,
  "time" : "Thu Apr 16 13:13:25 2026",
  "jobs" : [
    {
      "jobname" : "text_9_read",
      "groupid" : 0,
      "job_start" : 1776358408752,
      "error" : 0,
      "eta" : 0,
      "elapsed" : 1197,
      "job options" : {
        "name" : "text_9_read",
        "filename" : "test9.junk",
        "size" : "10gb",
        "rw" : "read"
      },
      "read" : {
        "io_bytes" : 10737418240,
        "io_kbytes" : 10485760,
        "bw_bytes" : 8975808,
        "bw" : 8765,
        "iops" : 2191.359418,
        "runtime" : 1196262,
        "total_ios" : 2621440,
        "short_ios" : 0,
        "drop_ios" : 0,
        "slat_ns" : {
          "min" : 0,
          "max" : 0,
          "mean" : 0.000000,
          "stddev" : 0.000000,
          "N" : 0
        },
        "clat_ns" : {
          "min" : 746,
          "max" : 2283751395,
          "mean" : 455548.244691,
          "stddev" : 4731091.847140,
          "N" : 2621440,
          "percentile" : {
            "1.000000" : 884,
            "5.000000" : 1048,
            "10.000000" : 1176,
            "20.000000" : 1672,
            "30.000000" : 2416,
            "40.000000" : 2768,
            "50.000000" : 2960,
            "60.000000" : 3024,
            "70.000000" : 3088,
            "80.000000" : 3280,
            "90.000000" : 3728,
            "95.000000" : 4512,
            "99.000000" : 8355840,
            "99.500000" : 46399488,
            "99.900000" : 53215232,
            "99.950000" : 56360960,
            "99.990000" : 71827456
          }
        },
        "lat_ns" : {
          "min" : 769,
          "max" : 2283751427,
          "mean" : 455643.611859,
          "stddev" : 4731091.080248,
          "N" : 2621440
        },
        "bw_min" : 512,
        "bw_max" : 10773,
        "bw_agg" : 100.000000,
        "bw_mean" : 8781.182085,
        "bw_dev" : 1280.976145,
        "bw_samples" : 2389,
        "iops_min" : 128,
        "iops_max" : 2693,
        "iops_mean" : 2195.215571,
        "iops_stddev" : 320.224591,
        "iops_samples" : 2389
      },
      "write" : {
        "io_bytes" : 0,
        "io_kbytes" : 0,
        "bw_bytes" : 0,
        "bw" : 0,
        "iops" : 0.000000,
        "runtime" : 0,
        "total_ios" : 0,
        "short_ios" : 0,
        "drop_ios" : 0,
        "slat_ns" : {
          "min" : 0,
          "max" : 0,
          "mean" : 0.000000,
          "stddev" : 0.000000,
          "N" : 0
        },
        "clat_ns" : {
          "min" : 0,
          "max" : 0,
          "mean" : 0.000000,
          "stddev" : 0.000000,
          "N" : 0
        },
        "lat_ns" : {
          "min" : 0,
          "max" : 0,
          "mean" : 0.000000,
          "stddev" : 0.000000,
          "N" : 0
        },
        "bw_min" : 0,
        "bw_max" : 0,
        "bw_agg" : 0.000000,
        "bw_mean" : 0.000000,
        "bw_dev" : 0.000000,
        "bw_samples" : 0,
        "iops_min" : 0,
        "iops_max" : 0,
        "iops_mean" : 0.000000,
        "iops_stddev" : 0.000000,
        "iops_samples" : 0
      },
      "trim" : {
        "io_bytes" : 0,
        "io_kbytes" : 0,
        "bw_bytes" : 0,
        "bw" : 0,
        "iops" : 0.000000,
        "runtime" : 0,
        "total_ios" : 0,
        "short_ios" : 0,
        "drop_ios" : 0,
        "slat_ns" : {
          "min" : 0,
          "max" : 0,
          "mean" : 0.000000,
          "stddev" : 0.000000,
          "N" : 0
        },
        "clat_ns" : {
          "min" : 0,
          "max" : 0,
          "mean" : 0.000000,
          "stddev" : 0.000000,
          "N" : 0
        },
        "lat_ns" : {
          "min" : 0,
          "max" : 0,
          "mean" : 0.000000,
          "stddev" : 0.000000,
          "N" : 0
        },
        "bw_min" : 0,
        "bw_max" : 0,
        "bw_agg" : 0.000000,
        "bw_mean" : 0.000000,
        "bw_dev" : 0.000000,
        "bw_samples" : 0,
        "iops_min" : 0,
        "iops_max" : 0,
        "iops_mean" : 0.000000,
        "iops_stddev" : 0.000000,
        "iops_samples" : 0
      },
      "sync" : {
        "total_ios" : 0,
        "lat_ns" : {
          "min" : 0,
          "max" : 0,
          "mean" : 0.000000,
          "stddev" : 0.000000,
          "N" : 0
        }
      },
      "job_runtime" : 1196261,
      "usr_cpu" : 0.409693,
      "sys_cpu" : 1.011903,
      "ctx" : 45067,
      "majf" : 0,
      "minf" : 12,
      "iodepth_level" : {
        "1" : 100.000000,
        "2" : 0.000000,
        "4" : 0.000000,
        "8" : 0.000000,
        "16" : 0.000000,
        "32" : 0.000000,
        ">=64" : 0.000000
      },
      "iodepth_submit" : {
        "0" : 0.000000,
        "4" : 100.000000,
        "8" : 0.000000,
        "16" : 0.000000,
        "32" : 0.000000,
        "64" : 0.000000,
        ">=64" : 0.000000
      },
      "iodepth_complete" : {
        "0" : 0.000000,
        "4" : 100.000000,
        "8" : 0.000000,
        "16" : 0.000000,
        "32" : 0.000000,
        "64" : 0.000000,
        ">=64" : 0.000000
      },
      "latency_ns" : {
        "2" : 0.000000,
        "4" : 0.000000,
        "10" : 0.000000,
        "20" : 0.000000,
        "50" : 0.000000,
        "100" : 0.000000,
        "250" : 0.000000,
        "500" : 0.000000,
        "750" : 0.010000,
        "1000" : 3.219872
      },
      "latency_us" : {
        "2" : 20.110550,
        "4" : 68.810539,
        "10" : 5.811729,
        "20" : 0.127792,
        "50" : 0.282021,
        "100" : 0.032349,
        "250" : 0.038071,
        "500" : 0.010000,
        "750" : 0.010000,
        "1000" : 0.010000
      },
      "latency_ms" : {
        "2" : 0.010000,
        "4" : 0.010000,
        "10" : 0.609550,
        "20" : 0.081253,
        "50" : 0.607185,
        "100" : 0.252495,
        "250" : 0.010000,
        "500" : 0.010000,
        "750" : 0.010000,
        "1000" : 0.000000,
        "2000" : 0.000000,
        ">=2000" : 0.010000
      },
      "latency_depth" : 1,
      "latency_target" : 0,
      "latency_percentile" : 100.000000,
      "latency_window" : 0
    }
  ]
}
