{
  "fio version" : "fio-3.39",
  "timestamp" : 1775225206,
  "timestamp_ms" : 1775225206168,
  "time" : "Fri Apr  3 10:06:46 2026",
  "jobs" : [
    {
      "jobname" : "test_5_write",
      "groupid" : 0,
      "job_start" : 1775224593473,
      "error" : 0,
      "eta" : 0,
      "elapsed" : 613,
      "job options" : {
        "name" : "test_5_write",
        "filename" : "test5.junk",
        "size" : "10gb",
        "rw" : "write"
      },
      "read" : {
        "io_bytes" : 0,
        "io_kbytes" : 0,
        "bw_bytes" : 0,
        "bw" : 0,
        "iops" : 0.000000,
        "runtime" : 0,
        "total_ios" : 0,
        "short_ios" : 0,
        "drop_ios" : 0,
        "slat_ns" : {
          "min" : 0,
          "max" : 0,
          "mean" : 0.000000,
          "stddev" : 0.000000,
          "N" : 0
        },
        "clat_ns" : {
          "min" : 0,
          "max" : 0,
          "mean" : 0.000000,
          "stddev" : 0.000000,
          "N" : 0
        },
        "lat_ns" : {
          "min" : 0,
          "max" : 0,
          "mean" : 0.000000,
          "stddev" : 0.000000,
          "N" : 0
        },
        "bw_min" : 0,
        "bw_max" : 0,
        "bw_agg" : 0.000000,
        "bw_mean" : 0.000000,
        "bw_dev" : 0.000000,
        "bw_samples" : 0,
        "iops_min" : 0,
        "iops_max" : 0,
        "iops_mean" : 0.000000,
        "iops_stddev" : 0.000000,
        "iops_samples" : 0
      },
      "write" : {
        "io_bytes" : 10737418240,
        "io_kbytes" : 10485760,
        "bw_bytes" : 17529076,
        "bw" : 17118,
        "iops" : 4279.559676,
        "runtime" : 612549,
        "total_ios" : 2621440,
        "short_ios" : 0,
        "drop_ios" : 0,
        "slat_ns" : {
          "min" : 0,
          "max" : 0,
          "mean" : 0.000000,
          "stddev" : 0.000000,
          "N" : 0
        },
        "clat_ns" : {
          "min" : 12440,
          "max" : 131328736,
          "mean" : 232184.128632,
          "stddev" : 1692780.314051,
          "N" : 2621440,
          "percentile" : {
            "1.000000" : 12992,
            "5.000000" : 15296,
            "10.000000" : 15936,
            "20.000000" : 17024,
            "30.000000" : 19584,
            "40.000000" : 21120,
            "50.000000" : 23168,
            "60.000000" : 23936,
            "70.000000" : 26752,
            "80.000000" : 41216,
            "90.000000" : 74240,
            "95.000000" : 99840,
            "99.000000" : 7766016,
            "99.500000" : 11468800,
            "99.900000" : 21889024,
            "99.950000" : 27656192,
            "99.990000" : 45350912
          }
        },
        "lat_ns" : {
          "min" : 12505,
          "max" : 131328800,
          "mean" : 232375.350140,
          "stddev" : 1692773.952879,
          "N" : 2621440
        },
        "bw_min" : 8520,
        "bw_max" : 19736,
        "bw_agg" : 100.000000,
        "bw_mean" : 17122.724673,
        "bw_dev" : 1677.869537,
        "bw_samples" : 1224,
        "iops_min" : 2130,
        "iops_max" : 4934,
        "iops_mean" : 4280.682190,
        "iops_stddev" : 419.470592,
        "iops_samples" : 1224
      },
      "trim" : {
        "io_bytes" : 0,
        "io_kbytes" : 0,
        "bw_bytes" : 0,
        "bw" : 0,
        "iops" : 0.000000,
        "runtime" : 0,
        "total_ios" : 0,
        "short_ios" : 0,
        "drop_ios" : 0,
        "slat_ns" : {
          "min" : 0,
          "max" : 0,
          "mean" : 0.000000,
          "stddev" : 0.000000,
          "N" : 0
        },
        "clat_ns" : {
          "min" : 0,
          "max" : 0,
          "mean" : 0.000000,
          "stddev" : 0.000000,
          "N" : 0
        },
        "lat_ns" : {
          "min" : 0,
          "max" : 0,
          "mean" : 0.000000,
          "stddev" : 0.000000,
          "N" : 0
        },
        "bw_min" : 0,
        "bw_max" : 0,
        "bw_agg" : 0.000000,
        "bw_mean" : 0.000000,
        "bw_dev" : 0.000000,
        "bw_samples" : 0,
        "iops_min" : 0,
        "iops_max" : 0,
        "iops_mean" : 0.000000,
        "iops_stddev" : 0.000000,
        "iops_samples" : 0
      },
      "sync" : {
        "total_ios" : 0,
        "lat_ns" : {
          "min" : 0,
          "max" : 0,
          "mean" : 0.000000,
          "stddev" : 0.000000,
          "N" : 0
        }
      },
      "job_runtime" : 612548,
      "usr_cpu" : 1.587957,
      "sys_cpu" : 3.811620,
      "ctx" : 2633183,
      "majf" : 0,
      "minf" : 9,
      "iodepth_level" : {
        "1" : 100.000000,
        "2" : 0.000000,
        "4" : 0.000000,
        "8" : 0.000000,
        "16" : 0.000000,
        "32" : 0.000000,
        ">=64" : 0.000000
      },
      "iodepth_submit" : {
        "0" : 0.000000,
        "4" : 100.000000,
        "8" : 0.000000,
        "16" : 0.000000,
        "32" : 0.000000,
        "64" : 0.000000,
        ">=64" : 0.000000
      },
      "iodepth_complete" : {
        "0" : 0.000000,
        "4" : 100.000000,
        "8" : 0.000000,
        "16" : 0.000000,
        "32" : 0.000000,
        "64" : 0.000000,
        ">=64" : 0.000000
      },
      "latency_ns" : {
        "2" : 0.000000,
        "4" : 0.000000,
        "10" : 0.000000,
        "20" : 0.000000,
        "50" : 0.000000,
        "100" : 0.000000,
        "250" : 0.000000,
        "500" : 0.000000,
        "750" : 0.000000,
        "1000" : 0.000000
      },
      "latency_us" : {
        "2" : 0.000000,
        "4" : 0.000000,
        "10" : 0.000000,
        "20" : 33.583832,
        "50" : 47.857780,
        "100" : 13.623161,
        "250" : 2.474022,
        "500" : 0.089645,
        "750" : 0.033035,
        "1000" : 0.025444
      },
      "latency_ms" : {
        "2" : 0.107460,
        "4" : 0.399017,
        "10" : 1.133080,
        "20" : 0.546837,
        "50" : 0.119858,
        "100" : 0.010000,
        "250" : 0.010000,
        "500" : 0.000000,
        "750" : 0.000000,
        "1000" : 0.000000,
        "2000" : 0.000000,
        ">=2000" : 0.000000
      },
      "latency_depth" : 1,
      "latency_target" : 0,
      "latency_percentile" : 100.000000,
      "latency_window" : 0
    }
  ]
}
