{
  "fio version" : "fio-3.41",
  "timestamp" : 1776182970,
  "timestamp_ms" : 1776182970849,
  "time" : "Tue Apr 14 12:09:30 2026",
  "jobs" : [
    {
      "jobname" : "test_2_write",
      "groupid" : 0,
      "job_start" : 1776182636935,
      "error" : 0,
      "eta" : 0,
      "elapsed" : 335,
      "job options" : {
        "name" : "test_2_write",
        "filename" : "test2.junk",
        "size" : "10gb",
        "rw" : "write"
      },
      "read" : {
        "io_bytes" : 0,
        "io_kbytes" : 0,
        "bw_bytes" : 0,
        "bw" : 0,
        "iops" : 0.000000,
        "runtime" : 0,
        "total_ios" : 0,
        "short_ios" : 0,
        "drop_ios" : 0,
        "slat_ns" : {
          "min" : 0,
          "max" : 0,
          "mean" : 0.000000,
          "stddev" : 0.000000,
          "N" : 0
        },
        "clat_ns" : {
          "min" : 0,
          "max" : 0,
          "mean" : 0.000000,
          "stddev" : 0.000000,
          "N" : 0
        },
        "lat_ns" : {
          "min" : 0,
          "max" : 0,
          "mean" : 0.000000,
          "stddev" : 0.000000,
          "N" : 0
        },
        "bw_min" : 0,
        "bw_max" : 0,
        "bw_agg" : 0.000000,
        "bw_mean" : 0.000000,
        "bw_dev" : 0.000000,
        "bw_samples" : 0,
        "iops_min" : 0,
        "iops_max" : 0,
        "iops_mean" : 0.000000,
        "iops_stddev" : 0.000000,
        "iops_samples" : 0
      },
      "write" : {
        "io_bytes" : 10737418240,
        "io_kbytes" : 10485760,
        "bw_bytes" : 32175317,
        "bw" : 31421,
        "iops" : 7855.302113,
        "runtime" : 333716,
        "total_ios" : 2621440,
        "short_ios" : 0,
        "drop_ios" : 0,
        "slat_ns" : {
          "min" : 0,
          "max" : 0,
          "mean" : 0.000000,
          "stddev" : 0.000000,
          "N" : 0
        },
        "clat_ns" : {
          "min" : 10662,
          "max" : 125893954,
          "mean" : 125047.709570,
          "stddev" : 732472.617129,
          "N" : 2621440,
          "percentile" : {
            "1.000000" : 13376,
            "5.000000" : 24192,
            "10.000000" : 31360,
            "20.000000" : 40192,
            "30.000000" : 44800,
            "40.000000" : 48896,
            "50.000000" : 55040,
            "60.000000" : 60672,
            "70.000000" : 70144,
            "80.000000" : 93696,
            "90.000000" : 144384,
            "95.000000" : 181248,
            "99.000000" : 1728512,
            "99.500000" : 4079616,
            "99.900000" : 9109504,
            "99.950000" : 12517376,
            "99.990000" : 22151168
          }
        },
        "lat_ns" : {
          "min" : 10710,
          "max" : 125894246,
          "mean" : 125400.606896,
          "stddev" : 732475.330362,
          "N" : 2621440
        },
        "bw_min" : 13037,
        "bw_max" : 34176,
        "bw_agg" : 100.000000,
        "bw_mean" : 31439.806597,
        "bw_dev" : 2395.178217,
        "bw_samples" : 667,
        "iops_min" : 3259,
        "iops_max" : 8544,
        "iops_mean" : 7859.944528,
        "iops_stddev" : 598.798523,
        "iops_samples" : 667
      },
      "trim" : {
        "io_bytes" : 0,
        "io_kbytes" : 0,
        "bw_bytes" : 0,
        "bw" : 0,
        "iops" : 0.000000,
        "runtime" : 0,
        "total_ios" : 0,
        "short_ios" : 0,
        "drop_ios" : 0,
        "slat_ns" : {
          "min" : 0,
          "max" : 0,
          "mean" : 0.000000,
          "stddev" : 0.000000,
          "N" : 0
        },
        "clat_ns" : {
          "min" : 0,
          "max" : 0,
          "mean" : 0.000000,
          "stddev" : 0.000000,
          "N" : 0
        },
        "lat_ns" : {
          "min" : 0,
          "max" : 0,
          "mean" : 0.000000,
          "stddev" : 0.000000,
          "N" : 0
        },
        "bw_min" : 0,
        "bw_max" : 0,
        "bw_agg" : 0.000000,
        "bw_mean" : 0.000000,
        "bw_dev" : 0.000000,
        "bw_samples" : 0,
        "iops_min" : 0,
        "iops_max" : 0,
        "iops_mean" : 0.000000,
        "iops_stddev" : 0.000000,
        "iops_samples" : 0
      },
      "sync" : {
        "total_ios" : 0,
        "lat_ns" : {
          "min" : 0,
          "max" : 0,
          "mean" : 0.000000,
          "stddev" : 0.000000,
          "N" : 0
        }
      },
      "job_runtime" : 333715,
      "usr_cpu" : 4.199392,
      "sys_cpu" : 12.057894,
      "ctx" : 2622062,
      "majf" : 0,
      "minf" : 10,
      "iodepth_level" : {
        "1" : 100.000000,
        "2" : 0.000000,
        "4" : 0.000000,
        "8" : 0.000000,
        "16" : 0.000000,
        "32" : 0.000000,
        ">=64" : 0.000000
      },
      "iodepth_submit" : {
        "0" : 0.000000,
        "4" : 100.000000,
        "8" : 0.000000,
        "16" : 0.000000,
        "32" : 0.000000,
        "64" : 0.000000,
        ">=64" : 0.000000
      },
      "iodepth_complete" : {
        "0" : 0.000000,
        "4" : 100.000000,
        "8" : 0.000000,
        "16" : 0.000000,
        "32" : 0.000000,
        "64" : 0.000000,
        ">=64" : 0.000000
      },
      "latency_ns" : {
        "2" : 0.000000,
        "4" : 0.000000,
        "10" : 0.000000,
        "20" : 0.000000,
        "50" : 0.000000,
        "100" : 0.000000,
        "250" : 0.000000,
        "500" : 0.000000,
        "750" : 0.000000,
        "1000" : 0.000000
      },
      "latency_us" : {
        "2" : 0.000000,
        "4" : 0.000000,
        "10" : 0.000000,
        "20" : 3.300629,
        "50" : 37.811203,
        "100" : 40.206680,
        "250" : 17.068253,
        "500" : 0.230942,
        "750" : 0.094719,
        "1000" : 0.088272
      },
      "latency_ms" : {
        "2" : 0.260353,
        "4" : 0.430145,
        "10" : 0.428581,
        "20" : 0.066147,
        "50" : 0.011940,
        "100" : 0.010000,
        "250" : 0.010000,
        "500" : 0.000000,
        "750" : 0.000000,
        "1000" : 0.000000,
        "2000" : 0.000000,
        ">=2000" : 0.000000
      },
      "latency_depth" : 1,
      "latency_target" : 0,
      "latency_percentile" : 100.000000,
      "latency_window" : 0
    }
  ]
}
