{
  "fio version" : "fio-3.41",
  "timestamp" : 1776350641,
  "timestamp_ms" : 1776350641311,
  "time" : "Thu Apr 16 10:44:01 2026",
  "jobs" : [
    {
      "jobname" : "test_6_write",
      "groupid" : 0,
      "job_start" : 1776350186129,
      "error" : 0,
      "eta" : 0,
      "elapsed" : 456,
      "job options" : {
        "name" : "test_6_write",
        "filename" : "test6.junk",
        "size" : "10gb",
        "rw" : "write"
      },
      "read" : {
        "io_bytes" : 0,
        "io_kbytes" : 0,
        "bw_bytes" : 0,
        "bw" : 0,
        "iops" : 0.000000,
        "runtime" : 0,
        "total_ios" : 0,
        "short_ios" : 0,
        "drop_ios" : 0,
        "slat_ns" : {
          "min" : 0,
          "max" : 0,
          "mean" : 0.000000,
          "stddev" : 0.000000,
          "N" : 0
        },
        "clat_ns" : {
          "min" : 0,
          "max" : 0,
          "mean" : 0.000000,
          "stddev" : 0.000000,
          "N" : 0
        },
        "lat_ns" : {
          "min" : 0,
          "max" : 0,
          "mean" : 0.000000,
          "stddev" : 0.000000,
          "N" : 0
        },
        "bw_min" : 0,
        "bw_max" : 0,
        "bw_agg" : 0.000000,
        "bw_mean" : 0.000000,
        "bw_dev" : 0.000000,
        "bw_samples" : 0,
        "iops_min" : 0,
        "iops_max" : 0,
        "iops_mean" : 0.000000,
        "iops_stddev" : 0.000000,
        "iops_samples" : 0
      },
      "write" : {
        "io_bytes" : 10737418240,
        "io_kbytes" : 10485760,
        "bw_bytes" : 23594728,
        "bw" : 23041,
        "iops" : 5760.431751,
        "runtime" : 455077,
        "total_ios" : 2621440,
        "short_ios" : 0,
        "drop_ios" : 0,
        "slat_ns" : {
          "min" : 0,
          "max" : 0,
          "mean" : 0.000000,
          "stddev" : 0.000000,
          "N" : 0
        },
        "clat_ns" : {
          "min" : 10479,
          "max" : 134764949,
          "mean" : 171406.599597,
          "stddev" : 1260012.155348,
          "N" : 2621440,
          "percentile" : {
            "1.000000" : 12736,
            "5.000000" : 17792,
            "10.000000" : 22400,
            "20.000000" : 30848,
            "30.000000" : 40192,
            "40.000000" : 46336,
            "50.000000" : 53504,
            "60.000000" : 61184,
            "70.000000" : 72192,
            "80.000000" : 94720,
            "90.000000" : 140288,
            "95.000000" : 179200,
            "99.000000" : 2998272,
            "99.500000" : 6651904,
            "99.900000" : 20840448,
            "99.950000" : 24248320,
            "99.990000" : 33161216
          }
        },
        "lat_ns" : {
          "min" : 10530,
          "max" : 134765782,
          "mean" : 171725.259267,
          "stddev" : 1260028.755354,
          "N" : 2621440
        },
        "bw_min" : 568,
        "bw_max" : 34024,
        "bw_agg" : 100.000000,
        "bw_mean" : 23048.746975,
        "bw_dev" : 13054.003186,
        "bw_samples" : 909,
        "iops_min" : 142,
        "iops_max" : 8506,
        "iops_mean" : 5762.157316,
        "iops_stddev" : 3263.484602,
        "iops_samples" : 909
      },
      "trim" : {
        "io_bytes" : 0,
        "io_kbytes" : 0,
        "bw_bytes" : 0,
        "bw" : 0,
        "iops" : 0.000000,
        "runtime" : 0,
        "total_ios" : 0,
        "short_ios" : 0,
        "drop_ios" : 0,
        "slat_ns" : {
          "min" : 0,
          "max" : 0,
          "mean" : 0.000000,
          "stddev" : 0.000000,
          "N" : 0
        },
        "clat_ns" : {
          "min" : 0,
          "max" : 0,
          "mean" : 0.000000,
          "stddev" : 0.000000,
          "N" : 0
        },
        "lat_ns" : {
          "min" : 0,
          "max" : 0,
          "mean" : 0.000000,
          "stddev" : 0.000000,
          "N" : 0
        },
        "bw_min" : 0,
        "bw_max" : 0,
        "bw_agg" : 0.000000,
        "bw_mean" : 0.000000,
        "bw_dev" : 0.000000,
        "bw_samples" : 0,
        "iops_min" : 0,
        "iops_max" : 0,
        "iops_mean" : 0.000000,
        "iops_stddev" : 0.000000,
        "iops_samples" : 0
      },
      "sync" : {
        "total_ios" : 0,
        "lat_ns" : {
          "min" : 0,
          "max" : 0,
          "mean" : 0.000000,
          "stddev" : 0.000000,
          "N" : 0
        }
      },
      "job_runtime" : 455076,
      "usr_cpu" : 2.837328,
      "sys_cpu" : 8.191599,
      "ctx" : 2624090,
      "majf" : 0,
      "minf" : 8,
      "iodepth_level" : {
        "1" : 100.000000,
        "2" : 0.000000,
        "4" : 0.000000,
        "8" : 0.000000,
        "16" : 0.000000,
        "32" : 0.000000,
        ">=64" : 0.000000
      },
      "iodepth_submit" : {
        "0" : 0.000000,
        "4" : 100.000000,
        "8" : 0.000000,
        "16" : 0.000000,
        "32" : 0.000000,
        "64" : 0.000000,
        ">=64" : 0.000000
      },
      "iodepth_complete" : {
        "0" : 0.000000,
        "4" : 100.000000,
        "8" : 0.000000,
        "16" : 0.000000,
        "32" : 0.000000,
        "64" : 0.000000,
        ">=64" : 0.000000
      },
      "latency_ns" : {
        "2" : 0.000000,
        "4" : 0.000000,
        "10" : 0.000000,
        "20" : 0.000000,
        "50" : 0.000000,
        "100" : 0.000000,
        "250" : 0.000000,
        "500" : 0.000000,
        "750" : 0.000000,
        "1000" : 0.000000
      },
      "latency_us" : {
        "2" : 0.000000,
        "4" : 0.000000,
        "10" : 0.000000,
        "20" : 7.345619,
        "50" : 38.105164,
        "100" : 36.058121,
        "250" : 16.503792,
        "500" : 0.331230,
        "750" : 0.127220,
        "1000" : 0.089836
      },
      "latency_ms" : {
        "2" : 0.253601,
        "4" : 0.375748,
        "10" : 0.485878,
        "20" : 0.211182,
        "50" : 0.109444,
        "100" : 0.010000,
        "250" : 0.010000,
        "500" : 0.000000,
        "750" : 0.000000,
        "1000" : 0.000000,
        "2000" : 0.000000,
        ">=2000" : 0.000000
      },
      "latency_depth" : 1,
      "latency_target" : 0,
      "latency_percentile" : 100.000000,
      "latency_window" : 0
    }
  ]
}
