{
  "fio version" : "fio-3.41",
  "timestamp" : 1774631823,
  "timestamp_ms" : 1774631823731,
  "time" : "Fri Mar 27 13:17:03 2026",
  "jobs" : [
    {
      "jobname" : "text_6_read",
      "groupid" : 0,
      "job_start" : 1774630685832,
      "error" : 0,
      "eta" : 0,
      "elapsed" : 1139,
      "job options" : {
        "name" : "text_6_read",
        "filename" : "test6.junk",
        "size" : "10gb",
        "rw" : "read"
      },
      "read" : {
        "io_bytes" : 10737418240,
        "io_kbytes" : 10485760,
        "bw_bytes" : 9437837,
        "bw" : 9216,
        "iops" : 2304.159536,
        "runtime" : 1137699,
        "total_ios" : 2621440,
        "short_ios" : 0,
        "drop_ios" : 0,
        "slat_ns" : {
          "min" : 0,
          "max" : 0,
          "mean" : 0.000000,
          "stddev" : 0.000000,
          "N" : 0
        },
        "clat_ns" : {
          "min" : 235,
          "max" : 2354889555,
          "mean" : 433543.501722,
          "stddev" : 5762197.425402,
          "N" : 2621440,
          "percentile" : {
            "1.000000" : 258,
            "5.000000" : 282,
            "10.000000" : 290,
            "20.000000" : 310,
            "30.000000" : 668,
            "40.000000" : 988,
            "50.000000" : 1128,
            "60.000000" : 1288,
            "70.000000" : 1400,
            "80.000000" : 1544,
            "90.000000" : 1848,
            "95.000000" : 2224,
            "99.000000" : 6324224,
            "99.500000" : 44826624,
            "99.900000" : 53739520,
            "99.950000" : 58982400,
            "99.990000" : 106430464
          }
        },
        "lat_ns" : {
          "min" : 251,
          "max" : 2354889592,
          "mean" : 433601.063706,
          "stddev" : 5762196.639949,
          "N" : 2621440
        },
        "bw_min" : 512,
        "bw_max" : 11286,
        "bw_agg" : 100.000000,
        "bw_mean" : 9341.585931,
        "bw_dev" : 1636.086014,
        "bw_samples" : 2246,
        "iops_min" : 128,
        "iops_max" : 2821,
        "iops_mean" : 2335.343277,
        "iops_stddev" : 409.034389,
        "iops_samples" : 2246
      },
      "write" : {
        "io_bytes" : 0,
        "io_kbytes" : 0,
        "bw_bytes" : 0,
        "bw" : 0,
        "iops" : 0.000000,
        "runtime" : 0,
        "total_ios" : 0,
        "short_ios" : 0,
        "drop_ios" : 0,
        "slat_ns" : {
          "min" : 0,
          "max" : 0,
          "mean" : 0.000000,
          "stddev" : 0.000000,
          "N" : 0
        },
        "clat_ns" : {
          "min" : 0,
          "max" : 0,
          "mean" : 0.000000,
          "stddev" : 0.000000,
          "N" : 0
        },
        "lat_ns" : {
          "min" : 0,
          "max" : 0,
          "mean" : 0.000000,
          "stddev" : 0.000000,
          "N" : 0
        },
        "bw_min" : 0,
        "bw_max" : 0,
        "bw_agg" : 0.000000,
        "bw_mean" : 0.000000,
        "bw_dev" : 0.000000,
        "bw_samples" : 0,
        "iops_min" : 0,
        "iops_max" : 0,
        "iops_mean" : 0.000000,
        "iops_stddev" : 0.000000,
        "iops_samples" : 0
      },
      "trim" : {
        "io_bytes" : 0,
        "io_kbytes" : 0,
        "bw_bytes" : 0,
        "bw" : 0,
        "iops" : 0.000000,
        "runtime" : 0,
        "total_ios" : 0,
        "short_ios" : 0,
        "drop_ios" : 0,
        "slat_ns" : {
          "min" : 0,
          "max" : 0,
          "mean" : 0.000000,
          "stddev" : 0.000000,
          "N" : 0
        },
        "clat_ns" : {
          "min" : 0,
          "max" : 0,
          "mean" : 0.000000,
          "stddev" : 0.000000,
          "N" : 0
        },
        "lat_ns" : {
          "min" : 0,
          "max" : 0,
          "mean" : 0.000000,
          "stddev" : 0.000000,
          "N" : 0
        },
        "bw_min" : 0,
        "bw_max" : 0,
        "bw_agg" : 0.000000,
        "bw_mean" : 0.000000,
        "bw_dev" : 0.000000,
        "bw_samples" : 0,
        "iops_min" : 0,
        "iops_max" : 0,
        "iops_mean" : 0.000000,
        "iops_stddev" : 0.000000,
        "iops_samples" : 0
      },
      "sync" : {
        "total_ios" : 0,
        "lat_ns" : {
          "min" : 0,
          "max" : 0,
          "mean" : 0.000000,
          "stddev" : 0.000000,
          "N" : 0
        }
      },
      "job_runtime" : 1137698,
      "usr_cpu" : 0.174651,
      "sys_cpu" : 0.650348,
      "ctx" : 42434,
      "majf" : 0,
      "minf" : 13,
      "iodepth_level" : {
        "1" : 100.000000,
        "2" : 0.000000,
        "4" : 0.000000,
        "8" : 0.000000,
        "16" : 0.000000,
        "32" : 0.000000,
        ">=64" : 0.000000
      },
      "iodepth_submit" : {
        "0" : 0.000000,
        "4" : 100.000000,
        "8" : 0.000000,
        "16" : 0.000000,
        "32" : 0.000000,
        "64" : 0.000000,
        ">=64" : 0.000000
      },
      "iodepth_complete" : {
        "0" : 0.000000,
        "4" : 100.000000,
        "8" : 0.000000,
        "16" : 0.000000,
        "32" : 0.000000,
        "64" : 0.000000,
        ">=64" : 0.000000
      },
      "latency_ns" : {
        "2" : 0.000000,
        "4" : 0.000000,
        "10" : 0.000000,
        "20" : 0.000000,
        "50" : 0.000000,
        "100" : 0.000000,
        "250" : 0.491219,
        "500" : 26.987114,
        "750" : 3.705444,
        "1000" : 9.726219
      },
      "latency_us" : {
        "2" : 52.214661,
        "4" : 4.196701,
        "10" : 0.957680,
        "20" : 0.052528,
        "50" : 0.064735,
        "100" : 0.010000,
        "250" : 0.034981,
        "500" : 0.018120,
        "750" : 0.010376,
        "1000" : 0.012283
      },
      "latency_ms" : {
        "2" : 0.085869,
        "4" : 0.257263,
        "10" : 0.291252,
        "20" : 0.062637,
        "50" : 0.630875,
        "100" : 0.179062,
        "250" : 0.010000,
        "500" : 0.010000,
        "750" : 0.010000,
        "1000" : 0.000000,
        "2000" : 0.010000,
        ">=2000" : 0.010000
      },
      "latency_depth" : 1,
      "latency_target" : 0,
      "latency_percentile" : 100.000000,
      "latency_window" : 0
    }
  ]
}
