{
  "fio version" : "fio-3.39",
  "timestamp" : 1775146839,
  "timestamp_ms" : 1775146839978,
  "time" : "Thu Apr  2 12:20:39 2026",
  "jobs" : [
    {
      "jobname" : "test_1_write",
      "groupid" : 0,
      "job_start" : 1775146266792,
      "error" : 0,
      "eta" : 0,
      "elapsed" : 574,
      "job options" : {
        "name" : "test_1_write",
        "filename" : "test1.junk",
        "size" : "10gb",
        "rw" : "write"
      },
      "read" : {
        "io_bytes" : 0,
        "io_kbytes" : 0,
        "bw_bytes" : 0,
        "bw" : 0,
        "iops" : 0.000000,
        "runtime" : 0,
        "total_ios" : 0,
        "short_ios" : 0,
        "drop_ios" : 0,
        "slat_ns" : {
          "min" : 0,
          "max" : 0,
          "mean" : 0.000000,
          "stddev" : 0.000000,
          "N" : 0
        },
        "clat_ns" : {
          "min" : 0,
          "max" : 0,
          "mean" : 0.000000,
          "stddev" : 0.000000,
          "N" : 0
        },
        "lat_ns" : {
          "min" : 0,
          "max" : 0,
          "mean" : 0.000000,
          "stddev" : 0.000000,
          "N" : 0
        },
        "bw_min" : 0,
        "bw_max" : 0,
        "bw_agg" : 0.000000,
        "bw_mean" : 0.000000,
        "bw_dev" : 0.000000,
        "bw_samples" : 0,
        "iops_min" : 0,
        "iops_max" : 0,
        "iops_mean" : 0.000000,
        "iops_stddev" : 0.000000,
        "iops_samples" : 0
      },
      "write" : {
        "io_bytes" : 10737418240,
        "io_kbytes" : 10485760,
        "bw_bytes" : 18744085,
        "bw" : 18304,
        "iops" : 4576.192779,
        "runtime" : 572843,
        "total_ios" : 2621440,
        "short_ios" : 0,
        "drop_ios" : 0,
        "slat_ns" : {
          "min" : 0,
          "max" : 0,
          "mean" : 0.000000,
          "stddev" : 0.000000,
          "N" : 0
        },
        "clat_ns" : {
          "min" : 11463,
          "max" : 222247369,
          "mean" : 217202.132672,
          "stddev" : 2017617.961719,
          "N" : 2621440,
          "percentile" : {
            "1.000000" : 11968,
            "5.000000" : 13376,
            "10.000000" : 14912,
            "20.000000" : 16512,
            "30.000000" : 18560,
            "40.000000" : 19584,
            "50.000000" : 21632,
            "60.000000" : 22656,
            "70.000000" : 23936,
            "80.000000" : 29568,
            "90.000000" : 64256,
            "95.000000" : 85504,
            "99.000000" : 6586368,
            "99.500000" : 11337728,
            "99.900000" : 27918336,
            "99.950000" : 38010880,
            "99.990000" : 65273856
          }
        },
        "lat_ns" : {
          "min" : 11528,
          "max" : 222247599,
          "mean" : 217380.514273,
          "stddev" : 2017614.190015,
          "N" : 2621440
        },
        "bw_min" : 4448,
        "bw_max" : 22632,
        "bw_agg" : 100.000000,
        "bw_mean" : 18310.433188,
        "bw_dev" : 3064.625109,
        "bw_samples" : 1145,
        "iops_min" : 1112,
        "iops_max" : 5658,
        "iops_mean" : 4577.607860,
        "iops_stddev" : 766.157610,
        "iops_samples" : 1145
      },
      "trim" : {
        "io_bytes" : 0,
        "io_kbytes" : 0,
        "bw_bytes" : 0,
        "bw" : 0,
        "iops" : 0.000000,
        "runtime" : 0,
        "total_ios" : 0,
        "short_ios" : 0,
        "drop_ios" : 0,
        "slat_ns" : {
          "min" : 0,
          "max" : 0,
          "mean" : 0.000000,
          "stddev" : 0.000000,
          "N" : 0
        },
        "clat_ns" : {
          "min" : 0,
          "max" : 0,
          "mean" : 0.000000,
          "stddev" : 0.000000,
          "N" : 0
        },
        "lat_ns" : {
          "min" : 0,
          "max" : 0,
          "mean" : 0.000000,
          "stddev" : 0.000000,
          "N" : 0
        },
        "bw_min" : 0,
        "bw_max" : 0,
        "bw_agg" : 0.000000,
        "bw_mean" : 0.000000,
        "bw_dev" : 0.000000,
        "bw_samples" : 0,
        "iops_min" : 0,
        "iops_max" : 0,
        "iops_mean" : 0.000000,
        "iops_stddev" : 0.000000,
        "iops_samples" : 0
      },
      "sync" : {
        "total_ios" : 0,
        "lat_ns" : {
          "min" : 0,
          "max" : 0,
          "mean" : 0.000000,
          "stddev" : 0.000000,
          "N" : 0
        }
      },
      "job_runtime" : 572842,
      "usr_cpu" : 1.475625,
      "sys_cpu" : 3.713939,
      "ctx" : 2632650,
      "majf" : 0,
      "minf" : 11,
      "iodepth_level" : {
        "1" : 100.000000,
        "2" : 0.000000,
        "4" : 0.000000,
        "8" : 0.000000,
        "16" : 0.000000,
        "32" : 0.000000,
        ">=64" : 0.000000
      },
      "iodepth_submit" : {
        "0" : 0.000000,
        "4" : 100.000000,
        "8" : 0.000000,
        "16" : 0.000000,
        "32" : 0.000000,
        "64" : 0.000000,
        ">=64" : 0.000000
      },
      "iodepth_complete" : {
        "0" : 0.000000,
        "4" : 100.000000,
        "8" : 0.000000,
        "16" : 0.000000,
        "32" : 0.000000,
        "64" : 0.000000,
        ">=64" : 0.000000
      },
      "latency_ns" : {
        "2" : 0.000000,
        "4" : 0.000000,
        "10" : 0.000000,
        "20" : 0.000000,
        "50" : 0.000000,
        "100" : 0.000000,
        "250" : 0.000000,
        "500" : 0.000000,
        "750" : 0.000000,
        "1000" : 0.000000
      },
      "latency_us" : {
        "2" : 0.000000,
        "4" : 0.000000,
        "10" : 0.000000,
        "20" : 42.812157,
        "50" : 44.290886,
        "100" : 9.227257,
        "250" : 1.672134,
        "500" : 0.099907,
        "750" : 0.038185,
        "1000" : 0.024338
      },
      "latency_ms" : {
        "2" : 0.096855,
        "4" : 0.317993,
        "10" : 0.811157,
        "20" : 0.411339,
        "50" : 0.172653,
        "100" : 0.022240,
        "250" : 0.010000,
        "500" : 0.000000,
        "750" : 0.000000,
        "1000" : 0.000000,
        "2000" : 0.000000,
        ">=2000" : 0.000000
      },
      "latency_depth" : 1,
      "latency_target" : 0,
      "latency_percentile" : 100.000000,
      "latency_window" : 0
    }
  ]
}
