{
  "fio version" : "fio-3.41",
  "timestamp" : 1776350000,
  "timestamp_ms" : 1776350000394,
  "time" : "Thu Apr 16 10:33:20 2026",
  "jobs" : [
    {
      "jobname" : "text_5_read",
      "groupid" : 0,
      "job_start" : 1776348755747,
      "error" : 0,
      "eta" : 0,
      "elapsed" : 1245,
      "job options" : {
        "name" : "text_5_read",
        "filename" : "test5.junk",
        "size" : "10gb",
        "rw" : "read"
      },
      "read" : {
        "io_bytes" : 10737418240,
        "io_kbytes" : 10485760,
        "bw_bytes" : 8629304,
        "bw" : 8427,
        "iops" : 2106.763900,
        "runtime" : 1244297,
        "total_ios" : 2621440,
        "short_ios" : 0,
        "drop_ios" : 0,
        "slat_ns" : {
          "min" : 0,
          "max" : 0,
          "mean" : 0.000000,
          "stddev" : 0.000000,
          "N" : 0
        },
        "clat_ns" : {
          "min" : 738,
          "max" : 1305377753,
          "mean" : 473918.310481,
          "stddev" : 4730920.588246,
          "N" : 2621440,
          "percentile" : {
            "1.000000" : 964,
            "5.000000" : 2160,
            "10.000000" : 2224,
            "20.000000" : 2384,
            "30.000000" : 2416,
            "40.000000" : 2448,
            "50.000000" : 2512,
            "60.000000" : 2640,
            "70.000000" : 2896,
            "80.000000" : 2960,
            "90.000000" : 3248,
            "95.000000" : 3824,
            "99.000000" : 11075584,
            "99.500000" : 47448064,
            "99.900000" : 55312384,
            "99.950000" : 59506688,
            "99.990000" : 84410368
          }
        },
        "lat_ns" : {
          "min" : 762,
          "max" : 1305377834,
          "mean" : 474016.273155,
          "stddev" : 4730918.996178,
          "N" : 2621440
        },
        "bw_min" : 512,
        "bw_max" : 10752,
        "bw_agg" : 100.000000,
        "bw_mean" : 8442.021730,
        "bw_dev" : 1091.054141,
        "bw_samples" : 2485,
        "iops_min" : 128,
        "iops_max" : 2688,
        "iops_mean" : 2110.417304,
        "iops_stddev" : 272.751040,
        "iops_samples" : 2485
      },
      "write" : {
        "io_bytes" : 0,
        "io_kbytes" : 0,
        "bw_bytes" : 0,
        "bw" : 0,
        "iops" : 0.000000,
        "runtime" : 0,
        "total_ios" : 0,
        "short_ios" : 0,
        "drop_ios" : 0,
        "slat_ns" : {
          "min" : 0,
          "max" : 0,
          "mean" : 0.000000,
          "stddev" : 0.000000,
          "N" : 0
        },
        "clat_ns" : {
          "min" : 0,
          "max" : 0,
          "mean" : 0.000000,
          "stddev" : 0.000000,
          "N" : 0
        },
        "lat_ns" : {
          "min" : 0,
          "max" : 0,
          "mean" : 0.000000,
          "stddev" : 0.000000,
          "N" : 0
        },
        "bw_min" : 0,
        "bw_max" : 0,
        "bw_agg" : 0.000000,
        "bw_mean" : 0.000000,
        "bw_dev" : 0.000000,
        "bw_samples" : 0,
        "iops_min" : 0,
        "iops_max" : 0,
        "iops_mean" : 0.000000,
        "iops_stddev" : 0.000000,
        "iops_samples" : 0
      },
      "trim" : {
        "io_bytes" : 0,
        "io_kbytes" : 0,
        "bw_bytes" : 0,
        "bw" : 0,
        "iops" : 0.000000,
        "runtime" : 0,
        "total_ios" : 0,
        "short_ios" : 0,
        "drop_ios" : 0,
        "slat_ns" : {
          "min" : 0,
          "max" : 0,
          "mean" : 0.000000,
          "stddev" : 0.000000,
          "N" : 0
        },
        "clat_ns" : {
          "min" : 0,
          "max" : 0,
          "mean" : 0.000000,
          "stddev" : 0.000000,
          "N" : 0
        },
        "lat_ns" : {
          "min" : 0,
          "max" : 0,
          "mean" : 0.000000,
          "stddev" : 0.000000,
          "N" : 0
        },
        "bw_min" : 0,
        "bw_max" : 0,
        "bw_agg" : 0.000000,
        "bw_mean" : 0.000000,
        "bw_dev" : 0.000000,
        "bw_samples" : 0,
        "iops_min" : 0,
        "iops_max" : 0,
        "iops_mean" : 0.000000,
        "iops_stddev" : 0.000000,
        "iops_samples" : 0
      },
      "sync" : {
        "total_ios" : 0,
        "lat_ns" : {
          "min" : 0,
          "max" : 0,
          "mean" : 0.000000,
          "stddev" : 0.000000,
          "N" : 0
        }
      },
      "job_runtime" : 1244296,
      "usr_cpu" : 0.366472,
      "sys_cpu" : 0.985698,
      "ctx" : 43471,
      "majf" : 1,
      "minf" : 7,
      "iodepth_level" : {
        "1" : 100.000000,
        "2" : 0.000000,
        "4" : 0.000000,
        "8" : 0.000000,
        "16" : 0.000000,
        "32" : 0.000000,
        ">=64" : 0.000000
      },
      "iodepth_submit" : {
        "0" : 0.000000,
        "4" : 100.000000,
        "8" : 0.000000,
        "16" : 0.000000,
        "32" : 0.000000,
        "64" : 0.000000,
        ">=64" : 0.000000
      },
      "iodepth_complete" : {
        "0" : 0.000000,
        "4" : 100.000000,
        "8" : 0.000000,
        "16" : 0.000000,
        "32" : 0.000000,
        "64" : 0.000000,
        ">=64" : 0.000000
      },
      "latency_ns" : {
        "2" : 0.000000,
        "4" : 0.000000,
        "10" : 0.000000,
        "20" : 0.000000,
        "50" : 0.000000,
        "100" : 0.000000,
        "250" : 0.000000,
        "500" : 0.000000,
        "750" : 0.010567,
        "1000" : 1.200829
      },
      "latency_us" : {
        "2" : 2.361183,
        "4" : 91.818504,
        "10" : 2.668648,
        "20" : 0.083046,
        "50" : 0.237503,
        "100" : 0.014763,
        "250" : 0.041389,
        "500" : 0.010000,
        "750" : 0.010000,
        "1000" : 0.000000
      },
      "latency_ms" : {
        "2" : 0.010000,
        "4" : 0.010000,
        "10" : 0.494041,
        "20" : 0.218544,
        "50" : 0.484657,
        "100" : 0.350761,
        "250" : 0.010000,
        "500" : 0.010000,
        "750" : 0.010000,
        "1000" : 0.000000,
        "2000" : 0.010000,
        ">=2000" : 0.000000
      },
      "latency_depth" : 1,
      "latency_target" : 0,
      "latency_percentile" : 100.000000,
      "latency_window" : 0
    }
  ]
}
