{
  "fio version" : "fio-3.41",
  "timestamp" : 1774630378,
  "timestamp_ms" : 1774630378128,
  "time" : "Fri Mar 27 12:52:58 2026",
  "jobs" : [
    {
      "jobname" : "text_6_write",
      "groupid" : 0,
      "job_start" : 1774630160918,
      "error" : 0,
      "eta" : 0,
      "elapsed" : 218,
      "job options" : {
        "name" : "text_6_write",
        "filename" : "test6.junk",
        "size" : "10gb",
        "rw" : "write"
      },
      "read" : {
        "io_bytes" : 0,
        "io_kbytes" : 0,
        "bw_bytes" : 0,
        "bw" : 0,
        "iops" : 0.000000,
        "runtime" : 0,
        "total_ios" : 0,
        "short_ios" : 0,
        "drop_ios" : 0,
        "slat_ns" : {
          "min" : 0,
          "max" : 0,
          "mean" : 0.000000,
          "stddev" : 0.000000,
          "N" : 0
        },
        "clat_ns" : {
          "min" : 0,
          "max" : 0,
          "mean" : 0.000000,
          "stddev" : 0.000000,
          "N" : 0
        },
        "lat_ns" : {
          "min" : 0,
          "max" : 0,
          "mean" : 0.000000,
          "stddev" : 0.000000,
          "N" : 0
        },
        "bw_min" : 0,
        "bw_max" : 0,
        "bw_agg" : 0.000000,
        "bw_mean" : 0.000000,
        "bw_dev" : 0.000000,
        "bw_samples" : 0,
        "iops_min" : 0,
        "iops_max" : 0,
        "iops_mean" : 0.000000,
        "iops_stddev" : 0.000000,
        "iops_samples" : 0
      },
      "write" : {
        "io_bytes" : 10737418240,
        "io_kbytes" : 10485760,
        "bw_bytes" : 49502177,
        "bw" : 48341,
        "iops" : 12085.492467,
        "runtime" : 216908,
        "total_ios" : 2621440,
        "short_ios" : 0,
        "drop_ios" : 0,
        "slat_ns" : {
          "min" : 0,
          "max" : 0,
          "mean" : 0.000000,
          "stddev" : 0.000000,
          "N" : 0
        },
        "clat_ns" : {
          "min" : 5213,
          "max" : 198244492,
          "mean" : 82444.421975,
          "stddev" : 704257.362921,
          "N" : 2621440,
          "percentile" : {
            "1.000000" : 6432,
            "5.000000" : 6624,
            "10.000000" : 6880,
            "20.000000" : 8768,
            "30.000000" : 10048,
            "40.000000" : 10304,
            "50.000000" : 10432,
            "60.000000" : 10688,
            "70.000000" : 11328,
            "80.000000" : 12864,
            "90.000000" : 17024,
            "95.000000" : 52992,
            "99.000000" : 2834432,
            "99.500000" : 4227072,
            "99.900000" : 7962624,
            "99.950000" : 10420224,
            "99.990000" : 17432576
          }
        },
        "lat_ns" : {
          "min" : 5243,
          "max" : 198244565,
          "mean" : 82484.026532,
          "stddev" : 704257.076602,
          "N" : 2621440
        },
        "bw_min" : 1168,
        "bw_max" : 53088,
        "bw_agg" : 100.000000,
        "bw_mean" : 48361.491917,
        "bw_dev" : 6024.921066,
        "bw_samples" : 433,
        "iops_min" : 292,
        "iops_max" : 13272,
        "iops_mean" : 12090.376443,
        "iops_stddev" : 1506.242731,
        "iops_samples" : 433
      },
      "trim" : {
        "io_bytes" : 0,
        "io_kbytes" : 0,
        "bw_bytes" : 0,
        "bw" : 0,
        "iops" : 0.000000,
        "runtime" : 0,
        "total_ios" : 0,
        "short_ios" : 0,
        "drop_ios" : 0,
        "slat_ns" : {
          "min" : 0,
          "max" : 0,
          "mean" : 0.000000,
          "stddev" : 0.000000,
          "N" : 0
        },
        "clat_ns" : {
          "min" : 0,
          "max" : 0,
          "mean" : 0.000000,
          "stddev" : 0.000000,
          "N" : 0
        },
        "lat_ns" : {
          "min" : 0,
          "max" : 0,
          "mean" : 0.000000,
          "stddev" : 0.000000,
          "N" : 0
        },
        "bw_min" : 0,
        "bw_max" : 0,
        "bw_agg" : 0.000000,
        "bw_mean" : 0.000000,
        "bw_dev" : 0.000000,
        "bw_samples" : 0,
        "iops_min" : 0,
        "iops_max" : 0,
        "iops_mean" : 0.000000,
        "iops_stddev" : 0.000000,
        "iops_samples" : 0
      },
      "sync" : {
        "total_ios" : 0,
        "lat_ns" : {
          "min" : 0,
          "max" : 0,
          "mean" : 0.000000,
          "stddev" : 0.000000,
          "N" : 0
        }
      },
      "job_runtime" : 216907,
      "usr_cpu" : 0.696151,
      "sys_cpu" : 3.102251,
      "ctx" : 2621721,
      "majf" : 0,
      "minf" : 8,
      "iodepth_level" : {
        "1" : 100.000000,
        "2" : 0.000000,
        "4" : 0.000000,
        "8" : 0.000000,
        "16" : 0.000000,
        "32" : 0.000000,
        ">=64" : 0.000000
      },
      "iodepth_submit" : {
        "0" : 0.000000,
        "4" : 100.000000,
        "8" : 0.000000,
        "16" : 0.000000,
        "32" : 0.000000,
        "64" : 0.000000,
        ">=64" : 0.000000
      },
      "iodepth_complete" : {
        "0" : 0.000000,
        "4" : 100.000000,
        "8" : 0.000000,
        "16" : 0.000000,
        "32" : 0.000000,
        "64" : 0.000000,
        ">=64" : 0.000000
      },
      "latency_ns" : {
        "2" : 0.000000,
        "4" : 0.000000,
        "10" : 0.000000,
        "20" : 0.000000,
        "50" : 0.000000,
        "100" : 0.000000,
        "250" : 0.000000,
        "500" : 0.000000,
        "750" : 0.000000,
        "1000" : 0.000000
      },
      "latency_us" : {
        "2" : 0.000000,
        "4" : 0.000000,
        "10" : 29.441452,
        "20" : 61.577568,
        "50" : 3.611412,
        "100" : 2.856979,
        "250" : 0.454369,
        "500" : 0.210419,
        "750" : 0.044518,
        "1000" : 0.042343
      },
      "latency_ms" : {
        "2" : 0.288124,
        "4" : 0.920410,
        "10" : 0.497093,
        "20" : 0.048332,
        "50" : 0.010000,
        "100" : 0.010000,
        "250" : 0.010000,
        "500" : 0.000000,
        "750" : 0.000000,
        "1000" : 0.000000,
        "2000" : 0.000000,
        ">=2000" : 0.000000
      },
      "latency_depth" : 1,
      "latency_target" : 0,
      "latency_percentile" : 100.000000,
      "latency_window" : 0
    }
  ]
}
