{
  "fio version" : "fio-3.39",
  "timestamp" : 1775244994,
  "timestamp_ms" : 1775244994959,
  "time" : "Fri Apr  3 15:36:34 2026",
  "jobs" : [
    {
      "jobname" : "test_10_write",
      "groupid" : 0,
      "job_start" : 1775244362250,
      "error" : 0,
      "eta" : 0,
      "elapsed" : 633,
      "job options" : {
        "name" : "test_10_write",
        "filename" : "test10.junk",
        "size" : "10gb",
        "rw" : "write"
      },
      "read" : {
        "io_bytes" : 0,
        "io_kbytes" : 0,
        "bw_bytes" : 0,
        "bw" : 0,
        "iops" : 0.000000,
        "runtime" : 0,
        "total_ios" : 0,
        "short_ios" : 0,
        "drop_ios" : 0,
        "slat_ns" : {
          "min" : 0,
          "max" : 0,
          "mean" : 0.000000,
          "stddev" : 0.000000,
          "N" : 0
        },
        "clat_ns" : {
          "min" : 0,
          "max" : 0,
          "mean" : 0.000000,
          "stddev" : 0.000000,
          "N" : 0
        },
        "lat_ns" : {
          "min" : 0,
          "max" : 0,
          "mean" : 0.000000,
          "stddev" : 0.000000,
          "N" : 0
        },
        "bw_min" : 0,
        "bw_max" : 0,
        "bw_agg" : 0.000000,
        "bw_mean" : 0.000000,
        "bw_dev" : 0.000000,
        "bw_samples" : 0,
        "iops_min" : 0,
        "iops_max" : 0,
        "iops_mean" : 0.000000,
        "iops_stddev" : 0.000000,
        "iops_samples" : 0
      },
      "write" : {
        "io_bytes" : 10737418240,
        "io_kbytes" : 10485760,
        "bw_bytes" : 16976208,
        "bw" : 16578,
        "iops" : 4144.582275,
        "runtime" : 632498,
        "total_ios" : 2621440,
        "short_ios" : 0,
        "drop_ios" : 0,
        "slat_ns" : {
          "min" : 0,
          "max" : 0,
          "mean" : 0.000000,
          "stddev" : 0.000000,
          "N" : 0
        },
        "clat_ns" : {
          "min" : 11997,
          "max" : 177333502,
          "mean" : 239902.440173,
          "stddev" : 1606891.912427,
          "N" : 2621440,
          "percentile" : {
            "1.000000" : 12992,
            "5.000000" : 15296,
            "10.000000" : 15808,
            "20.000000" : 17024,
            "30.000000" : 19328,
            "40.000000" : 21120,
            "50.000000" : 23168,
            "60.000000" : 23680,
            "70.000000" : 26240,
            "80.000000" : 38144,
            "90.000000" : 73216,
            "95.000000" : 105984,
            "99.000000" : 7438336,
            "99.500000" : 10682368,
            "99.900000" : 21626880,
            "99.950000" : 24772608,
            "99.990000" : 32899072
          }
        },
        "lat_ns" : {
          "min" : 12071,
          "max" : 177333600,
          "mean" : 240102.445918,
          "stddev" : 1606897.775772,
          "N" : 2621440
        },
        "bw_min" : 568,
        "bw_max" : 22712,
        "bw_agg" : 100.000000,
        "bw_mean" : 16582.626582,
        "bw_dev" : 7374.950777,
        "bw_samples" : 1264,
        "iops_min" : 142,
        "iops_max" : 5678,
        "iops_mean" : 4145.655063,
        "iops_stddev" : 1843.737020,
        "iops_samples" : 1264
      },
      "trim" : {
        "io_bytes" : 0,
        "io_kbytes" : 0,
        "bw_bytes" : 0,
        "bw" : 0,
        "iops" : 0.000000,
        "runtime" : 0,
        "total_ios" : 0,
        "short_ios" : 0,
        "drop_ios" : 0,
        "slat_ns" : {
          "min" : 0,
          "max" : 0,
          "mean" : 0.000000,
          "stddev" : 0.000000,
          "N" : 0
        },
        "clat_ns" : {
          "min" : 0,
          "max" : 0,
          "mean" : 0.000000,
          "stddev" : 0.000000,
          "N" : 0
        },
        "lat_ns" : {
          "min" : 0,
          "max" : 0,
          "mean" : 0.000000,
          "stddev" : 0.000000,
          "N" : 0
        },
        "bw_min" : 0,
        "bw_max" : 0,
        "bw_agg" : 0.000000,
        "bw_mean" : 0.000000,
        "bw_dev" : 0.000000,
        "bw_samples" : 0,
        "iops_min" : 0,
        "iops_max" : 0,
        "iops_mean" : 0.000000,
        "iops_stddev" : 0.000000,
        "iops_samples" : 0
      },
      "sync" : {
        "total_ios" : 0,
        "lat_ns" : {
          "min" : 0,
          "max" : 0,
          "mean" : 0.000000,
          "stddev" : 0.000000,
          "N" : 0
        }
      },
      "job_runtime" : 632497,
      "usr_cpu" : 1.537082,
      "sys_cpu" : 3.596539,
      "ctx" : 2631345,
      "majf" : 0,
      "minf" : 9,
      "iodepth_level" : {
        "1" : 100.000000,
        "2" : 0.000000,
        "4" : 0.000000,
        "8" : 0.000000,
        "16" : 0.000000,
        "32" : 0.000000,
        ">=64" : 0.000000
      },
      "iodepth_submit" : {
        "0" : 0.000000,
        "4" : 100.000000,
        "8" : 0.000000,
        "16" : 0.000000,
        "32" : 0.000000,
        "64" : 0.000000,
        ">=64" : 0.000000
      },
      "iodepth_complete" : {
        "0" : 0.000000,
        "4" : 100.000000,
        "8" : 0.000000,
        "16" : 0.000000,
        "32" : 0.000000,
        "64" : 0.000000,
        ">=64" : 0.000000
      },
      "latency_ns" : {
        "2" : 0.000000,
        "4" : 0.000000,
        "10" : 0.000000,
        "20" : 0.000000,
        "50" : 0.000000,
        "100" : 0.000000,
        "250" : 0.000000,
        "500" : 0.000000,
        "750" : 0.000000,
        "1000" : 0.000000
      },
      "latency_us" : {
        "2" : 0.000000,
        "4" : 0.000000,
        "10" : 0.000000,
        "20" : 34.093437,
        "50" : 48.209419,
        "100" : 12.278709,
        "250" : 2.525940,
        "500" : 0.082741,
        "750" : 0.029602,
        "1000" : 0.025444
      },
      "latency_ms" : {
        "2" : 0.161705,
        "4" : 0.577545,
        "10" : 1.433487,
        "20" : 0.452957,
        "50" : 0.125504,
        "100" : 0.010000,
        "250" : 0.010000,
        "500" : 0.000000,
        "750" : 0.000000,
        "1000" : 0.000000,
        "2000" : 0.000000,
        ">=2000" : 0.000000
      },
      "latency_depth" : 1,
      "latency_target" : 0,
      "latency_percentile" : 100.000000,
      "latency_window" : 0
    }
  ]
}
