{
  "fio version" : "fio-3.41",
  "timestamp" : 1776355198,
  "timestamp_ms" : 1776355198688,
  "time" : "Thu Apr 16 11:59:58 2026",
  "jobs" : [
    {
      "jobname" : "test_8_write",
      "groupid" : 0,
      "job_start" : 1776354831251,
      "error" : 0,
      "eta" : 0,
      "elapsed" : 368,
      "job options" : {
        "name" : "test_8_write",
        "filename" : "test8.junk",
        "size" : "10gb",
        "rw" : "write"
      },
      "read" : {
        "io_bytes" : 0,
        "io_kbytes" : 0,
        "bw_bytes" : 0,
        "bw" : 0,
        "iops" : 0.000000,
        "runtime" : 0,
        "total_ios" : 0,
        "short_ios" : 0,
        "drop_ios" : 0,
        "slat_ns" : {
          "min" : 0,
          "max" : 0,
          "mean" : 0.000000,
          "stddev" : 0.000000,
          "N" : 0
        },
        "clat_ns" : {
          "min" : 0,
          "max" : 0,
          "mean" : 0.000000,
          "stddev" : 0.000000,
          "N" : 0
        },
        "lat_ns" : {
          "min" : 0,
          "max" : 0,
          "mean" : 0.000000,
          "stddev" : 0.000000,
          "N" : 0
        },
        "bw_min" : 0,
        "bw_max" : 0,
        "bw_agg" : 0.000000,
        "bw_mean" : 0.000000,
        "bw_dev" : 0.000000,
        "bw_samples" : 0,
        "iops_min" : 0,
        "iops_max" : 0,
        "iops_mean" : 0.000000,
        "iops_stddev" : 0.000000,
        "iops_samples" : 0
      },
      "write" : {
        "io_bytes" : 10737418240,
        "io_kbytes" : 10485760,
        "bw_bytes" : 29239742,
        "bw" : 28554,
        "iops" : 7138.609008,
        "runtime" : 367220,
        "total_ios" : 2621440,
        "short_ios" : 0,
        "drop_ios" : 0,
        "slat_ns" : {
          "min" : 0,
          "max" : 0,
          "mean" : 0.000000,
          "stddev" : 0.000000,
          "N" : 0
        },
        "clat_ns" : {
          "min" : 10598,
          "max" : 124797293,
          "mean" : 137780.267962,
          "stddev" : 1085503.121501,
          "N" : 2621440,
          "percentile" : {
            "1.000000" : 12608,
            "5.000000" : 17280,
            "10.000000" : 22912,
            "20.000000" : 31872,
            "30.000000" : 40192,
            "40.000000" : 46848,
            "50.000000" : 54528,
            "60.000000" : 63232,
            "70.000000" : 76288,
            "80.000000" : 101888,
            "90.000000" : 144384,
            "95.000000" : 177152,
            "99.000000" : 774144,
            "99.500000" : 4227072,
            "99.900000" : 16187392,
            "99.950000" : 22937600,
            "99.990000" : 41680896
          }
        },
        "lat_ns" : {
          "min" : 10651,
          "max" : 124797432,
          "mean" : 138108.424432,
          "stddev" : 1085506.545881,
          "N" : 2621440
        },
        "bw_min" : 9325,
        "bw_max" : 34280,
        "bw_agg" : 100.000000,
        "bw_mean" : 28569.942779,
        "bw_dev" : 4235.601426,
        "bw_samples" : 734,
        "iops_min" : 2331,
        "iops_max" : 8570,
        "iops_mean" : 7142.482289,
        "iops_stddev" : 1058.905989,
        "iops_samples" : 734
      },
      "trim" : {
        "io_bytes" : 0,
        "io_kbytes" : 0,
        "bw_bytes" : 0,
        "bw" : 0,
        "iops" : 0.000000,
        "runtime" : 0,
        "total_ios" : 0,
        "short_ios" : 0,
        "drop_ios" : 0,
        "slat_ns" : {
          "min" : 0,
          "max" : 0,
          "mean" : 0.000000,
          "stddev" : 0.000000,
          "N" : 0
        },
        "clat_ns" : {
          "min" : 0,
          "max" : 0,
          "mean" : 0.000000,
          "stddev" : 0.000000,
          "N" : 0
        },
        "lat_ns" : {
          "min" : 0,
          "max" : 0,
          "mean" : 0.000000,
          "stddev" : 0.000000,
          "N" : 0
        },
        "bw_min" : 0,
        "bw_max" : 0,
        "bw_agg" : 0.000000,
        "bw_mean" : 0.000000,
        "bw_dev" : 0.000000,
        "bw_samples" : 0,
        "iops_min" : 0,
        "iops_max" : 0,
        "iops_mean" : 0.000000,
        "iops_stddev" : 0.000000,
        "iops_samples" : 0
      },
      "sync" : {
        "total_ios" : 0,
        "lat_ns" : {
          "min" : 0,
          "max" : 0,
          "mean" : 0.000000,
          "stddev" : 0.000000,
          "N" : 0
        }
      },
      "job_runtime" : 367219,
      "usr_cpu" : 3.595130,
      "sys_cpu" : 10.369017,
      "ctx" : 2624535,
      "majf" : 0,
      "minf" : 8,
      "iodepth_level" : {
        "1" : 100.000000,
        "2" : 0.000000,
        "4" : 0.000000,
        "8" : 0.000000,
        "16" : 0.000000,
        "32" : 0.000000,
        ">=64" : 0.000000
      },
      "iodepth_submit" : {
        "0" : 0.000000,
        "4" : 100.000000,
        "8" : 0.000000,
        "16" : 0.000000,
        "32" : 0.000000,
        "64" : 0.000000,
        ">=64" : 0.000000
      },
      "iodepth_complete" : {
        "0" : 0.000000,
        "4" : 100.000000,
        "8" : 0.000000,
        "16" : 0.000000,
        "32" : 0.000000,
        "64" : 0.000000,
        ">=64" : 0.000000
      },
      "latency_ns" : {
        "2" : 0.000000,
        "4" : 0.000000,
        "10" : 0.000000,
        "20" : 0.000000,
        "50" : 0.000000,
        "100" : 0.000000,
        "250" : 0.000000,
        "500" : 0.000000,
        "750" : 0.000000,
        "1000" : 0.000000
      },
      "latency_us" : {
        "2" : 0.000000,
        "4" : 0.000000,
        "10" : 0.000000,
        "20" : 7.298698,
        "50" : 37.246399,
        "100" : 34.943275,
        "250" : 19.092789,
        "500" : 0.314713,
        "750" : 0.097694,
        "1000" : 0.062218
      },
      "latency_ms" : {
        "2" : 0.172272,
        "4" : 0.250778,
        "10" : 0.328407,
        "20" : 0.123024,
        "50" : 0.064011,
        "100" : 0.010000,
        "250" : 0.010000,
        "500" : 0.000000,
        "750" : 0.000000,
        "1000" : 0.000000,
        "2000" : 0.000000,
        ">=2000" : 0.000000
      },
      "latency_depth" : 1,
      "latency_target" : 0,
      "latency_percentile" : 100.000000,
      "latency_window" : 0
    }
  ]
}
