{
  "fio version" : "fio-3.39",
  "timestamp" : 1775222905,
  "timestamp_ms" : 1775222905690,
  "time" : "Fri Apr  3 09:28:25 2026",
  "jobs" : [
    {
      "jobname" : "test_4_write",
      "groupid" : 0,
      "job_start" : 1775222333231,
      "error" : 0,
      "eta" : 0,
      "elapsed" : 573,
      "job options" : {
        "name" : "test_4_write",
        "filename" : "test4.junk",
        "size" : "10gb",
        "rw" : "write"
      },
      "read" : {
        "io_bytes" : 0,
        "io_kbytes" : 0,
        "bw_bytes" : 0,
        "bw" : 0,
        "iops" : 0.000000,
        "runtime" : 0,
        "total_ios" : 0,
        "short_ios" : 0,
        "drop_ios" : 0,
        "slat_ns" : {
          "min" : 0,
          "max" : 0,
          "mean" : 0.000000,
          "stddev" : 0.000000,
          "N" : 0
        },
        "clat_ns" : {
          "min" : 0,
          "max" : 0,
          "mean" : 0.000000,
          "stddev" : 0.000000,
          "N" : 0
        },
        "lat_ns" : {
          "min" : 0,
          "max" : 0,
          "mean" : 0.000000,
          "stddev" : 0.000000,
          "N" : 0
        },
        "bw_min" : 0,
        "bw_max" : 0,
        "bw_agg" : 0.000000,
        "bw_mean" : 0.000000,
        "bw_dev" : 0.000000,
        "bw_samples" : 0,
        "iops_min" : 0,
        "iops_max" : 0,
        "iops_mean" : 0.000000,
        "iops_stddev" : 0.000000,
        "iops_samples" : 0
      },
      "write" : {
        "io_bytes" : 10737418240,
        "io_kbytes" : 10485760,
        "bw_bytes" : 18763345,
        "bw" : 18323,
        "iops" : 4580.894881,
        "runtime" : 572255,
        "total_ios" : 2621440,
        "short_ios" : 0,
        "drop_ios" : 0,
        "slat_ns" : {
          "min" : 0,
          "max" : 0,
          "mean" : 0.000000,
          "stddev" : 0.000000,
          "N" : 0
        },
        "clat_ns" : {
          "min" : 12389,
          "max" : 108493685,
          "mean" : 216820.129860,
          "stddev" : 1421684.614486,
          "N" : 2621440,
          "percentile" : {
            "1.000000" : 13376,
            "5.000000" : 15552,
            "10.000000" : 16512,
            "20.000000" : 17280,
            "30.000000" : 19840,
            "40.000000" : 22144,
            "50.000000" : 23424,
            "60.000000" : 23936,
            "70.000000" : 27264,
            "80.000000" : 41216,
            "90.000000" : 74240,
            "95.000000" : 100864,
            "99.000000" : 7110656,
            "99.500000" : 9895936,
            "99.900000" : 16711680,
            "99.950000" : 21102592,
            "99.990000" : 34865152
          }
        },
        "lat_ns" : {
          "min" : 12449,
          "max" : 108493764,
          "mean" : 217008.320758,
          "stddev" : 1421677.955103,
          "N" : 2621440
        },
        "bw_min" : 8880,
        "bw_max" : 20840,
        "bw_agg" : 100.000000,
        "bw_mean" : 18329.692308,
        "bw_dev" : 1292.937825,
        "bw_samples" : 1144,
        "iops_min" : 2220,
        "iops_max" : 5210,
        "iops_mean" : 4582.426573,
        "iops_stddev" : 323.235199,
        "iops_samples" : 1144
      },
      "trim" : {
        "io_bytes" : 0,
        "io_kbytes" : 0,
        "bw_bytes" : 0,
        "bw" : 0,
        "iops" : 0.000000,
        "runtime" : 0,
        "total_ios" : 0,
        "short_ios" : 0,
        "drop_ios" : 0,
        "slat_ns" : {
          "min" : 0,
          "max" : 0,
          "mean" : 0.000000,
          "stddev" : 0.000000,
          "N" : 0
        },
        "clat_ns" : {
          "min" : 0,
          "max" : 0,
          "mean" : 0.000000,
          "stddev" : 0.000000,
          "N" : 0
        },
        "lat_ns" : {
          "min" : 0,
          "max" : 0,
          "mean" : 0.000000,
          "stddev" : 0.000000,
          "N" : 0
        },
        "bw_min" : 0,
        "bw_max" : 0,
        "bw_agg" : 0.000000,
        "bw_mean" : 0.000000,
        "bw_dev" : 0.000000,
        "bw_samples" : 0,
        "iops_min" : 0,
        "iops_max" : 0,
        "iops_mean" : 0.000000,
        "iops_stddev" : 0.000000,
        "iops_samples" : 0
      },
      "sync" : {
        "total_ios" : 0,
        "lat_ns" : {
          "min" : 0,
          "max" : 0,
          "mean" : 0.000000,
          "stddev" : 0.000000,
          "N" : 0
        }
      },
      "job_runtime" : 572254,
      "usr_cpu" : 1.718642,
      "sys_cpu" : 4.088919,
      "ctx" : 2633966,
      "majf" : 0,
      "minf" : 9,
      "iodepth_level" : {
        "1" : 100.000000,
        "2" : 0.000000,
        "4" : 0.000000,
        "8" : 0.000000,
        "16" : 0.000000,
        "32" : 0.000000,
        ">=64" : 0.000000
      },
      "iodepth_submit" : {
        "0" : 0.000000,
        "4" : 100.000000,
        "8" : 0.000000,
        "16" : 0.000000,
        "32" : 0.000000,
        "64" : 0.000000,
        ">=64" : 0.000000
      },
      "iodepth_complete" : {
        "0" : 0.000000,
        "4" : 100.000000,
        "8" : 0.000000,
        "16" : 0.000000,
        "32" : 0.000000,
        "64" : 0.000000,
        ">=64" : 0.000000
      },
      "latency_ns" : {
        "2" : 0.000000,
        "4" : 0.000000,
        "10" : 0.000000,
        "20" : 0.000000,
        "50" : 0.000000,
        "100" : 0.000000,
        "250" : 0.000000,
        "500" : 0.000000,
        "750" : 0.000000,
        "1000" : 0.000000
      },
      "latency_us" : {
        "2" : 0.000000,
        "4" : 0.000000,
        "10" : 0.000000,
        "20" : 31.192322,
        "50" : 50.323029,
        "100" : 13.359528,
        "250" : 2.368622,
        "500" : 0.094681,
        "750" : 0.037308,
        "1000" : 0.028229
      },
      "latency_ms" : {
        "2" : 0.137520,
        "4" : 0.530777,
        "10" : 1.448212,
        "20" : 0.421715,
        "50" : 0.055199,
        "100" : 0.010000,
        "250" : 0.010000,
        "500" : 0.000000,
        "750" : 0.000000,
        "1000" : 0.000000,
        "2000" : 0.000000,
        ">=2000" : 0.000000
      },
      "latency_depth" : 1,
      "latency_target" : 0,
      "latency_percentile" : 100.000000,
      "latency_window" : 0
    }
  ]
}
