{
  "fio version" : "fio-3.41",
  "timestamp" : 1776184808,
  "timestamp_ms" : 1776184808642,
  "time" : "Tue Apr 14 12:40:08 2026",
  "jobs" : [
    {
      "jobname" : "test_3_write",
      "groupid" : 0,
      "job_start" : 1776184482216,
      "error" : 0,
      "eta" : 0,
      "elapsed" : 327,
      "job options" : {
        "name" : "test_3_write",
        "filename" : "test3.junk",
        "size" : "10gb",
        "rw" : "write"
      },
      "read" : {
        "io_bytes" : 0,
        "io_kbytes" : 0,
        "bw_bytes" : 0,
        "bw" : 0,
        "iops" : 0.000000,
        "runtime" : 0,
        "total_ios" : 0,
        "short_ios" : 0,
        "drop_ios" : 0,
        "slat_ns" : {
          "min" : 0,
          "max" : 0,
          "mean" : 0.000000,
          "stddev" : 0.000000,
          "N" : 0
        },
        "clat_ns" : {
          "min" : 0,
          "max" : 0,
          "mean" : 0.000000,
          "stddev" : 0.000000,
          "N" : 0
        },
        "lat_ns" : {
          "min" : 0,
          "max" : 0,
          "mean" : 0.000000,
          "stddev" : 0.000000,
          "N" : 0
        },
        "bw_min" : 0,
        "bw_max" : 0,
        "bw_agg" : 0.000000,
        "bw_mean" : 0.000000,
        "bw_dev" : 0.000000,
        "bw_samples" : 0,
        "iops_min" : 0,
        "iops_max" : 0,
        "iops_mean" : 0.000000,
        "iops_stddev" : 0.000000,
        "iops_samples" : 0
      },
      "write" : {
        "io_bytes" : 10737418240,
        "io_kbytes" : 10485760,
        "bw_bytes" : 32927977,
        "bw" : 32156,
        "iops" : 8039.056942,
        "runtime" : 326088,
        "total_ios" : 2621440,
        "short_ios" : 0,
        "drop_ios" : 0,
        "slat_ns" : {
          "min" : 0,
          "max" : 0,
          "mean" : 0.000000,
          "stddev" : 0.000000,
          "N" : 0
        },
        "clat_ns" : {
          "min" : 10632,
          "max" : 121823925,
          "mean" : 122105.715978,
          "stddev" : 690732.639358,
          "N" : 2621440,
          "percentile" : {
            "1.000000" : 12480,
            "5.000000" : 20096,
            "10.000000" : 29312,
            "20.000000" : 39680,
            "30.000000" : 44288,
            "40.000000" : 48384,
            "50.000000" : 54528,
            "60.000000" : 62208,
            "70.000000" : 75264,
            "80.000000" : 105984,
            "90.000000" : 148480,
            "95.000000" : 181248,
            "99.000000" : 1302528,
            "99.500000" : 3784704,
            "99.900000" : 9240576,
            "99.950000" : 12648448,
            "99.990000" : 20840448
          }
        },
        "lat_ns" : {
          "min" : 10671,
          "max" : 121824085,
          "mean" : 122408.770359,
          "stddev" : 690734.816686,
          "N" : 2621440
        },
        "bw_min" : 13341,
        "bw_max" : 34240,
        "bw_agg" : 100.000000,
        "bw_mean" : 32177.930876,
        "bw_dev" : 1854.412354,
        "bw_samples" : 651,
        "iops_min" : 3335,
        "iops_max" : 8560,
        "iops_mean" : 8044.491551,
        "iops_stddev" : 463.610428,
        "iops_samples" : 651
      },
      "trim" : {
        "io_bytes" : 0,
        "io_kbytes" : 0,
        "bw_bytes" : 0,
        "bw" : 0,
        "iops" : 0.000000,
        "runtime" : 0,
        "total_ios" : 0,
        "short_ios" : 0,
        "drop_ios" : 0,
        "slat_ns" : {
          "min" : 0,
          "max" : 0,
          "mean" : 0.000000,
          "stddev" : 0.000000,
          "N" : 0
        },
        "clat_ns" : {
          "min" : 0,
          "max" : 0,
          "mean" : 0.000000,
          "stddev" : 0.000000,
          "N" : 0
        },
        "lat_ns" : {
          "min" : 0,
          "max" : 0,
          "mean" : 0.000000,
          "stddev" : 0.000000,
          "N" : 0
        },
        "bw_min" : 0,
        "bw_max" : 0,
        "bw_agg" : 0.000000,
        "bw_mean" : 0.000000,
        "bw_dev" : 0.000000,
        "bw_samples" : 0,
        "iops_min" : 0,
        "iops_max" : 0,
        "iops_mean" : 0.000000,
        "iops_stddev" : 0.000000,
        "iops_samples" : 0
      },
      "sync" : {
        "total_ios" : 0,
        "lat_ns" : {
          "min" : 0,
          "max" : 0,
          "mean" : 0.000000,
          "stddev" : 0.000000,
          "N" : 0
        }
      },
      "job_runtime" : 326087,
      "usr_cpu" : 4.136013,
      "sys_cpu" : 12.101065,
      "ctx" : 2621946,
      "majf" : 0,
      "minf" : 9,
      "iodepth_level" : {
        "1" : 100.000000,
        "2" : 0.000000,
        "4" : 0.000000,
        "8" : 0.000000,
        "16" : 0.000000,
        "32" : 0.000000,
        ">=64" : 0.000000
      },
      "iodepth_submit" : {
        "0" : 0.000000,
        "4" : 100.000000,
        "8" : 0.000000,
        "16" : 0.000000,
        "32" : 0.000000,
        "64" : 0.000000,
        ">=64" : 0.000000
      },
      "iodepth_complete" : {
        "0" : 0.000000,
        "4" : 100.000000,
        "8" : 0.000000,
        "16" : 0.000000,
        "32" : 0.000000,
        "64" : 0.000000,
        ">=64" : 0.000000
      },
      "latency_ns" : {
        "2" : 0.000000,
        "4" : 0.000000,
        "10" : 0.000000,
        "20" : 0.000000,
        "50" : 0.000000,
        "100" : 0.000000,
        "250" : 0.000000,
        "500" : 0.000000,
        "750" : 0.000000,
        "1000" : 0.000000
      },
      "latency_us" : {
        "2" : 0.000000,
        "4" : 0.000000,
        "10" : 0.000000,
        "20" : 4.954872,
        "50" : 37.476196,
        "100" : 36.120186,
        "250" : 19.983063,
        "500" : 0.223579,
        "750" : 0.084610,
        "1000" : 0.076866
      },
      "latency_ms" : {
        "2" : 0.227928,
        "4" : 0.380440,
        "10" : 0.387917,
        "20" : 0.072365,
        "50" : 0.010529,
        "100" : 0.010000,
        "250" : 0.010000,
        "500" : 0.000000,
        "750" : 0.000000,
        "1000" : 0.000000,
        "2000" : 0.000000,
        ">=2000" : 0.000000
      },
      "latency_depth" : 1,
      "latency_target" : 0,
      "latency_percentile" : 100.000000,
      "latency_window" : 0
    }
  ]
}
