{
  "fio version" : "fio-3.41",
  "timestamp" : 1774638169,
  "timestamp_ms" : 1774638169344,
  "time" : "Fri Mar 27 15:02:49 2026",
  "jobs" : [
    {
      "jobname" : "text_10_read",
      "groupid" : 0,
      "job_start" : 1774637150445,
      "error" : 0,
      "eta" : 0,
      "elapsed" : 1019,
      "job options" : {
        "name" : "text_10_read",
        "filename" : "test10.junk",
        "size" : "10gb",
        "rw" : "read"
      },
      "read" : {
        "io_bytes" : 10737418240,
        "io_kbytes" : 10485760,
        "bw_bytes" : 10540003,
        "bw" : 10292,
        "iops" : 2573.243156,
        "runtime" : 1018730,
        "total_ios" : 2621440,
        "short_ios" : 0,
        "drop_ios" : 0,
        "slat_ns" : {
          "min" : 0,
          "max" : 0,
          "mean" : 0.000000,
          "stddev" : 0.000000,
          "N" : 0
        },
        "clat_ns" : {
          "min" : 235,
          "max" : 370881541,
          "mean" : 388207.563051,
          "stddev" : 4028739.568571,
          "N" : 2621440,
          "percentile" : {
            "1.000000" : 278,
            "5.000000" : 286,
            "10.000000" : 290,
            "20.000000" : 298,
            "30.000000" : 406,
            "40.000000" : 764,
            "50.000000" : 1020,
            "60.000000" : 1176,
            "70.000000" : 1336,
            "80.000000" : 1496,
            "90.000000" : 1816,
            "95.000000" : 2224,
            "99.000000" : 5144576,
            "99.500000" : 43778048,
            "99.900000" : 49020928,
            "99.950000" : 51118080,
            "99.990000" : 57933824
          }
        },
        "lat_ns" : {
          "min" : 251,
          "max" : 370881615,
          "mean" : 388258.913757,
          "stddev" : 4028738.643963,
          "N" : 2621440
        },
        "bw_min" : 3544,
        "bw_max" : 11776,
        "bw_agg" : 100.000000,
        "bw_mean" : 10299.087383,
        "bw_dev" : 697.589660,
        "bw_samples" : 2037,
        "iops_min" : 886,
        "iops_max" : 2944,
        "iops_mean" : 2574.733922,
        "iops_stddev" : 174.396760,
        "iops_samples" : 2037
      },
      "write" : {
        "io_bytes" : 0,
        "io_kbytes" : 0,
        "bw_bytes" : 0,
        "bw" : 0,
        "iops" : 0.000000,
        "runtime" : 0,
        "total_ios" : 0,
        "short_ios" : 0,
        "drop_ios" : 0,
        "slat_ns" : {
          "min" : 0,
          "max" : 0,
          "mean" : 0.000000,
          "stddev" : 0.000000,
          "N" : 0
        },
        "clat_ns" : {
          "min" : 0,
          "max" : 0,
          "mean" : 0.000000,
          "stddev" : 0.000000,
          "N" : 0
        },
        "lat_ns" : {
          "min" : 0,
          "max" : 0,
          "mean" : 0.000000,
          "stddev" : 0.000000,
          "N" : 0
        },
        "bw_min" : 0,
        "bw_max" : 0,
        "bw_agg" : 0.000000,
        "bw_mean" : 0.000000,
        "bw_dev" : 0.000000,
        "bw_samples" : 0,
        "iops_min" : 0,
        "iops_max" : 0,
        "iops_mean" : 0.000000,
        "iops_stddev" : 0.000000,
        "iops_samples" : 0
      },
      "trim" : {
        "io_bytes" : 0,
        "io_kbytes" : 0,
        "bw_bytes" : 0,
        "bw" : 0,
        "iops" : 0.000000,
        "runtime" : 0,
        "total_ios" : 0,
        "short_ios" : 0,
        "drop_ios" : 0,
        "slat_ns" : {
          "min" : 0,
          "max" : 0,
          "mean" : 0.000000,
          "stddev" : 0.000000,
          "N" : 0
        },
        "clat_ns" : {
          "min" : 0,
          "max" : 0,
          "mean" : 0.000000,
          "stddev" : 0.000000,
          "N" : 0
        },
        "lat_ns" : {
          "min" : 0,
          "max" : 0,
          "mean" : 0.000000,
          "stddev" : 0.000000,
          "N" : 0
        },
        "bw_min" : 0,
        "bw_max" : 0,
        "bw_agg" : 0.000000,
        "bw_mean" : 0.000000,
        "bw_dev" : 0.000000,
        "bw_samples" : 0,
        "iops_min" : 0,
        "iops_max" : 0,
        "iops_mean" : 0.000000,
        "iops_stddev" : 0.000000,
        "iops_samples" : 0
      },
      "sync" : {
        "total_ios" : 0,
        "lat_ns" : {
          "min" : 0,
          "max" : 0,
          "mean" : 0.000000,
          "stddev" : 0.000000,
          "N" : 0
        }
      },
      "job_runtime" : 1018729,
      "usr_cpu" : 0.174728,
      "sys_cpu" : 0.688309,
      "ctx" : 42424,
      "majf" : 0,
      "minf" : 13,
      "iodepth_level" : {
        "1" : 100.000000,
        "2" : 0.000000,
        "4" : 0.000000,
        "8" : 0.000000,
        "16" : 0.000000,
        "32" : 0.000000,
        ">=64" : 0.000000
      },
      "iodepth_submit" : {
        "0" : 0.000000,
        "4" : 100.000000,
        "8" : 0.000000,
        "16" : 0.000000,
        "32" : 0.000000,
        "64" : 0.000000,
        ">=64" : 0.000000
      },
      "iodepth_complete" : {
        "0" : 0.000000,
        "4" : 100.000000,
        "8" : 0.000000,
        "16" : 0.000000,
        "32" : 0.000000,
        "64" : 0.000000,
        ">=64" : 0.000000
      },
      "latency_ns" : {
        "2" : 0.000000,
        "4" : 0.000000,
        "10" : 0.000000,
        "20" : 0.000000,
        "50" : 0.000000,
        "100" : 0.000000,
        "250" : 0.181541,
        "500" : 33.838158,
        "750" : 5.724373,
        "1000" : 8.766136
      },
      "latency_us" : {
        "2" : 44.790039,
        "4" : 4.146881,
        "10" : 0.843925,
        "20" : 0.050659,
        "50" : 0.056381,
        "100" : 0.010000,
        "250" : 0.032768,
        "500" : 0.017929,
        "750" : 0.013809,
        "1000" : 0.013161
      },
      "latency_ms" : {
        "2" : 0.104485,
        "4" : 0.305061,
        "10" : 0.254059,
        "20" : 0.049477,
        "50" : 0.727425,
        "100" : 0.074387,
        "250" : 0.010000,
        "500" : 0.010000,
        "750" : 0.000000,
        "1000" : 0.000000,
        "2000" : 0.000000,
        ">=2000" : 0.000000
      },
      "latency_depth" : 1,
      "latency_target" : 0,
      "latency_percentile" : 100.000000,
      "latency_window" : 0
    }
  ]
}
