{
  "fio version" : "fio-3.39",
  "timestamp" : 1775243684,
  "timestamp_ms" : 1775243684862,
  "time" : "Fri Apr  3 15:14:44 2026",
  "jobs" : [
    {
      "jobname" : "test_9_write",
      "groupid" : 0,
      "job_start" : 1775243163714,
      "error" : 0,
      "eta" : 0,
      "elapsed" : 522,
      "job options" : {
        "name" : "test_9_write",
        "filename" : "test9.junk",
        "size" : "10gb",
        "rw" : "write"
      },
      "read" : {
        "io_bytes" : 0,
        "io_kbytes" : 0,
        "bw_bytes" : 0,
        "bw" : 0,
        "iops" : 0.000000,
        "runtime" : 0,
        "total_ios" : 0,
        "short_ios" : 0,
        "drop_ios" : 0,
        "slat_ns" : {
          "min" : 0,
          "max" : 0,
          "mean" : 0.000000,
          "stddev" : 0.000000,
          "N" : 0
        },
        "clat_ns" : {
          "min" : 0,
          "max" : 0,
          "mean" : 0.000000,
          "stddev" : 0.000000,
          "N" : 0
        },
        "lat_ns" : {
          "min" : 0,
          "max" : 0,
          "mean" : 0.000000,
          "stddev" : 0.000000,
          "N" : 0
        },
        "bw_min" : 0,
        "bw_max" : 0,
        "bw_agg" : 0.000000,
        "bw_mean" : 0.000000,
        "bw_dev" : 0.000000,
        "bw_samples" : 0,
        "iops_min" : 0,
        "iops_max" : 0,
        "iops_mean" : 0.000000,
        "iops_stddev" : 0.000000,
        "iops_samples" : 0
      },
      "write" : {
        "io_bytes" : 10737418240,
        "io_kbytes" : 10485760,
        "bw_bytes" : 20610513,
        "bw" : 20127,
        "iops" : 5031.863761,
        "runtime" : 520968,
        "total_ios" : 2621440,
        "short_ios" : 0,
        "drop_ios" : 0,
        "slat_ns" : {
          "min" : 0,
          "max" : 0,
          "mean" : 0.000000,
          "stddev" : 0.000000,
          "N" : 0
        },
        "clat_ns" : {
          "min" : 12331,
          "max" : 129250547,
          "mean" : 197309.073149,
          "stddev" : 1276601.111322,
          "N" : 2621440,
          "percentile" : {
            "1.000000" : 13248,
            "5.000000" : 15424,
            "10.000000" : 16064,
            "20.000000" : 17024,
            "30.000000" : 19328,
            "40.000000" : 21120,
            "50.000000" : 23168,
            "60.000000" : 23680,
            "70.000000" : 25984,
            "80.000000" : 38656,
            "90.000000" : 73216,
            "95.000000" : 99840,
            "99.000000" : 6455296,
            "99.500000" : 8847360,
            "99.900000" : 14352384,
            "99.950000" : 17432576,
            "99.990000" : 27656192
          }
        },
        "lat_ns" : {
          "min" : 12394,
          "max" : 129250613,
          "mean" : 197501.700105,
          "stddev" : 1276594.811247,
          "N" : 2621440
        },
        "bw_min" : 10904,
        "bw_max" : 22104,
        "bw_agg" : 100.000000,
        "bw_mean" : 20133.025937,
        "bw_dev" : 1290.324208,
        "bw_samples" : 1041,
        "iops_min" : 2726,
        "iops_max" : 5526,
        "iops_mean" : 5033.256484,
        "iops_stddev" : 322.581052,
        "iops_samples" : 1041
      },
      "trim" : {
        "io_bytes" : 0,
        "io_kbytes" : 0,
        "bw_bytes" : 0,
        "bw" : 0,
        "iops" : 0.000000,
        "runtime" : 0,
        "total_ios" : 0,
        "short_ios" : 0,
        "drop_ios" : 0,
        "slat_ns" : {
          "min" : 0,
          "max" : 0,
          "mean" : 0.000000,
          "stddev" : 0.000000,
          "N" : 0
        },
        "clat_ns" : {
          "min" : 0,
          "max" : 0,
          "mean" : 0.000000,
          "stddev" : 0.000000,
          "N" : 0
        },
        "lat_ns" : {
          "min" : 0,
          "max" : 0,
          "mean" : 0.000000,
          "stddev" : 0.000000,
          "N" : 0
        },
        "bw_min" : 0,
        "bw_max" : 0,
        "bw_agg" : 0.000000,
        "bw_mean" : 0.000000,
        "bw_dev" : 0.000000,
        "bw_samples" : 0,
        "iops_min" : 0,
        "iops_max" : 0,
        "iops_mean" : 0.000000,
        "iops_stddev" : 0.000000,
        "iops_samples" : 0
      },
      "sync" : {
        "total_ios" : 0,
        "lat_ns" : {
          "min" : 0,
          "max" : 0,
          "mean" : 0.000000,
          "stddev" : 0.000000,
          "N" : 0
        }
      },
      "job_runtime" : 520967,
      "usr_cpu" : 1.844071,
      "sys_cpu" : 4.358242,
      "ctx" : 2630082,
      "majf" : 0,
      "minf" : 10,
      "iodepth_level" : {
        "1" : 100.000000,
        "2" : 0.000000,
        "4" : 0.000000,
        "8" : 0.000000,
        "16" : 0.000000,
        "32" : 0.000000,
        ">=64" : 0.000000
      },
      "iodepth_submit" : {
        "0" : 0.000000,
        "4" : 100.000000,
        "8" : 0.000000,
        "16" : 0.000000,
        "32" : 0.000000,
        "64" : 0.000000,
        ">=64" : 0.000000
      },
      "iodepth_complete" : {
        "0" : 0.000000,
        "4" : 100.000000,
        "8" : 0.000000,
        "16" : 0.000000,
        "32" : 0.000000,
        "64" : 0.000000,
        ">=64" : 0.000000
      },
      "latency_ns" : {
        "2" : 0.000000,
        "4" : 0.000000,
        "10" : 0.000000,
        "20" : 0.000000,
        "50" : 0.000000,
        "100" : 0.000000,
        "250" : 0.000000,
        "500" : 0.000000,
        "750" : 0.000000,
        "1000" : 0.000000
      },
      "latency_us" : {
        "2" : 0.000000,
        "4" : 0.000000,
        "10" : 0.000000,
        "20" : 34.022102,
        "50" : 48.147736,
        "100" : 12.870407,
        "250" : 2.243690,
        "500" : 0.068626,
        "750" : 0.028610,
        "1000" : 0.023689
      },
      "latency_ms" : {
        "2" : 0.167198,
        "4" : 0.594482,
        "10" : 1.490326,
        "20" : 0.312729,
        "50" : 0.027809,
        "100" : 0.010000,
        "250" : 0.010000,
        "500" : 0.000000,
        "750" : 0.000000,
        "1000" : 0.000000,
        "2000" : 0.000000,
        ">=2000" : 0.000000
      },
      "latency_depth" : 1,
      "latency_target" : 0,
      "latency_percentile" : 100.000000,
      "latency_window" : 0
    }
  ]
}
