{
  "fio version" : "fio-3.39",
  "timestamp" : 1775229172,
  "timestamp_ms" : 1775229172994,
  "time" : "Fri Apr  3 11:12:52 2026",
  "jobs" : [
    {
      "jobname" : "test_6_write",
      "groupid" : 0,
      "job_start" : 1775228414099,
      "error" : 0,
      "eta" : 0,
      "elapsed" : 759,
      "job options" : {
        "name" : "test_6_write",
        "filename" : "test6.junk",
        "size" : "10gb",
        "rw" : "write"
      },
      "read" : {
        "io_bytes" : 0,
        "io_kbytes" : 0,
        "bw_bytes" : 0,
        "bw" : 0,
        "iops" : 0.000000,
        "runtime" : 0,
        "total_ios" : 0,
        "short_ios" : 0,
        "drop_ios" : 0,
        "slat_ns" : {
          "min" : 0,
          "max" : 0,
          "mean" : 0.000000,
          "stddev" : 0.000000,
          "N" : 0
        },
        "clat_ns" : {
          "min" : 0,
          "max" : 0,
          "mean" : 0.000000,
          "stddev" : 0.000000,
          "N" : 0
        },
        "lat_ns" : {
          "min" : 0,
          "max" : 0,
          "mean" : 0.000000,
          "stddev" : 0.000000,
          "N" : 0
        },
        "bw_min" : 0,
        "bw_max" : 0,
        "bw_agg" : 0.000000,
        "bw_mean" : 0.000000,
        "bw_dev" : 0.000000,
        "bw_samples" : 0,
        "iops_min" : 0,
        "iops_max" : 0,
        "iops_mean" : 0.000000,
        "iops_stddev" : 0.000000,
        "iops_samples" : 0
      },
      "write" : {
        "io_bytes" : 10737418240,
        "io_kbytes" : 10485760,
        "bw_bytes" : 14154218,
        "bw" : 13822,
        "iops" : 3455.619679,
        "runtime" : 758602,
        "total_ios" : 2621440,
        "short_ios" : 0,
        "drop_ios" : 0,
        "slat_ns" : {
          "min" : 0,
          "max" : 0,
          "mean" : 0.000000,
          "stddev" : 0.000000,
          "N" : 0
        },
        "clat_ns" : {
          "min" : 12526,
          "max" : 1885030402,
          "mean" : 287849.274923,
          "stddev" : 2878424.327753,
          "N" : 2621440,
          "percentile" : {
            "1.000000" : 13248,
            "5.000000" : 15552,
            "10.000000" : 16512,
            "20.000000" : 17280,
            "30.000000" : 19584,
            "40.000000" : 21632,
            "50.000000" : 23424,
            "60.000000" : 24192,
            "70.000000" : 29056,
            "80.000000" : 52992,
            "90.000000" : 75264,
            "95.000000" : 103936,
            "99.000000" : 9240576,
            "99.500000" : 13697024,
            "99.900000" : 26345472,
            "99.950000" : 35913728,
            "99.990000" : 84410368
          }
        },
        "lat_ns" : {
          "min" : 12602,
          "max" : 1885030510,
          "mean" : 288053.646955,
          "stddev" : 2878419.943833,
          "N" : 2621440
        },
        "bw_min" : 648,
        "bw_max" : 19368,
        "bw_agg" : 100.000000,
        "bw_mean" : 13862.253800,
        "bw_dev" : 3666.550731,
        "bw_samples" : 1513,
        "iops_min" : 162,
        "iops_max" : 4842,
        "iops_mean" : 3465.543952,
        "iops_stddev" : 916.636219,
        "iops_samples" : 1513
      },
      "trim" : {
        "io_bytes" : 0,
        "io_kbytes" : 0,
        "bw_bytes" : 0,
        "bw" : 0,
        "iops" : 0.000000,
        "runtime" : 0,
        "total_ios" : 0,
        "short_ios" : 0,
        "drop_ios" : 0,
        "slat_ns" : {
          "min" : 0,
          "max" : 0,
          "mean" : 0.000000,
          "stddev" : 0.000000,
          "N" : 0
        },
        "clat_ns" : {
          "min" : 0,
          "max" : 0,
          "mean" : 0.000000,
          "stddev" : 0.000000,
          "N" : 0
        },
        "lat_ns" : {
          "min" : 0,
          "max" : 0,
          "mean" : 0.000000,
          "stddev" : 0.000000,
          "N" : 0
        },
        "bw_min" : 0,
        "bw_max" : 0,
        "bw_agg" : 0.000000,
        "bw_mean" : 0.000000,
        "bw_dev" : 0.000000,
        "bw_samples" : 0,
        "iops_min" : 0,
        "iops_max" : 0,
        "iops_mean" : 0.000000,
        "iops_stddev" : 0.000000,
        "iops_samples" : 0
      },
      "sync" : {
        "total_ios" : 0,
        "lat_ns" : {
          "min" : 0,
          "max" : 0,
          "mean" : 0.000000,
          "stddev" : 0.000000,
          "N" : 0
        }
      },
      "job_runtime" : 758601,
      "usr_cpu" : 1.423805,
      "sys_cpu" : 3.193247,
      "ctx" : 2630801,
      "majf" : 0,
      "minf" : 10,
      "iodepth_level" : {
        "1" : 100.000000,
        "2" : 0.000000,
        "4" : 0.000000,
        "8" : 0.000000,
        "16" : 0.000000,
        "32" : 0.000000,
        ">=64" : 0.000000
      },
      "iodepth_submit" : {
        "0" : 0.000000,
        "4" : 100.000000,
        "8" : 0.000000,
        "16" : 0.000000,
        "32" : 0.000000,
        "64" : 0.000000,
        ">=64" : 0.000000
      },
      "iodepth_complete" : {
        "0" : 0.000000,
        "4" : 100.000000,
        "8" : 0.000000,
        "16" : 0.000000,
        "32" : 0.000000,
        "64" : 0.000000,
        ">=64" : 0.000000
      },
      "latency_ns" : {
        "2" : 0.000000,
        "4" : 0.000000,
        "10" : 0.000000,
        "20" : 0.000000,
        "50" : 0.000000,
        "100" : 0.000000,
        "250" : 0.000000,
        "500" : 0.000000,
        "750" : 0.000000,
        "1000" : 0.000000
      },
      "latency_us" : {
        "2" : 0.000000,
        "4" : 0.000000,
        "10" : 0.000000,
        "20" : 32.358360,
        "50" : 45.410614,
        "100" : 16.837769,
        "250" : 2.819710,
        "500" : 0.087814,
        "750" : 0.028152,
        "1000" : 0.023041
      },
      "latency_ms" : {
        "2" : 0.097580,
        "4" : 0.350227,
        "10" : 1.088829,
        "20" : 0.699196,
        "50" : 0.173454,
        "100" : 0.018425,
        "250" : 0.010000,
        "500" : 0.010000,
        "750" : 0.010000,
        "1000" : 0.010000,
        "2000" : 0.010000,
        ">=2000" : 0.000000
      },
      "latency_depth" : 1,
      "latency_target" : 0,
      "latency_percentile" : 100.000000,
      "latency_window" : 0
    }
  ]
}
