{
  "fio version" : "fio-3.39",
  "timestamp" : 1775148603,
  "timestamp_ms" : 1775148603774,
  "time" : "Thu Apr  2 12:50:03 2026",
  "jobs" : [
    {
      "jobname" : "test_1_read",
      "groupid" : 0,
      "job_start" : 1775147188122,
      "error" : 0,
      "eta" : 0,
      "elapsed" : 1416,
      "job options" : {
        "name" : "test_1_read",
        "filename" : "test1.junk",
        "size" : "10gb",
        "rw" : "read"
      },
      "read" : {
        "io_bytes" : 10737418240,
        "io_kbytes" : 10485760,
        "bw_bytes" : 7585584,
        "bw" : 7407,
        "iops" : 1851.949448,
        "runtime" : 1415503,
        "total_ios" : 2621440,
        "short_ios" : 0,
        "drop_ios" : 0,
        "slat_ns" : {
          "min" : 0,
          "max" : 0,
          "mean" : 0.000000,
          "stddev" : 0.000000,
          "N" : 0
        },
        "clat_ns" : {
          "min" : 764,
          "max" : 2541013833,
          "mean" : 539405.540394,
          "stddev" : 5249400.215370,
          "N" : 2621440,
          "percentile" : {
            "1.000000" : 956,
            "5.000000" : 964,
            "10.000000" : 972,
            "20.000000" : 980,
            "30.000000" : 988,
            "40.000000" : 1004,
            "50.000000" : 1032,
            "60.000000" : 1080,
            "70.000000" : 2992,
            "80.000000" : 3056,
            "90.000000" : 3152,
            "95.000000" : 3440,
            "99.000000" : 19005440,
            "99.500000" : 47448064,
            "99.900000" : 61603840,
            "99.950000" : 65798144,
            "99.990000" : 107479040
          }
        },
        "lat_ns" : {
          "min" : 793,
          "max" : 2541013867,
          "mean" : 539476.163164,
          "stddev" : 5249398.809329,
          "N" : 2621440
        },
        "bw_min" : 512,
        "bw_max" : 9747,
        "bw_agg" : 100.000000,
        "bw_mean" : 7421.305732,
        "bw_dev" : 1063.729022,
        "bw_samples" : 2826,
        "iops_min" : 128,
        "iops_max" : 2436,
        "iops_mean" : 1855.273885,
        "iops_stddev" : 265.937548,
        "iops_samples" : 2826
      },
      "write" : {
        "io_bytes" : 0,
        "io_kbytes" : 0,
        "bw_bytes" : 0,
        "bw" : 0,
        "iops" : 0.000000,
        "runtime" : 0,
        "total_ios" : 0,
        "short_ios" : 0,
        "drop_ios" : 0,
        "slat_ns" : {
          "min" : 0,
          "max" : 0,
          "mean" : 0.000000,
          "stddev" : 0.000000,
          "N" : 0
        },
        "clat_ns" : {
          "min" : 0,
          "max" : 0,
          "mean" : 0.000000,
          "stddev" : 0.000000,
          "N" : 0
        },
        "lat_ns" : {
          "min" : 0,
          "max" : 0,
          "mean" : 0.000000,
          "stddev" : 0.000000,
          "N" : 0
        },
        "bw_min" : 0,
        "bw_max" : 0,
        "bw_agg" : 0.000000,
        "bw_mean" : 0.000000,
        "bw_dev" : 0.000000,
        "bw_samples" : 0,
        "iops_min" : 0,
        "iops_max" : 0,
        "iops_mean" : 0.000000,
        "iops_stddev" : 0.000000,
        "iops_samples" : 0
      },
      "trim" : {
        "io_bytes" : 0,
        "io_kbytes" : 0,
        "bw_bytes" : 0,
        "bw" : 0,
        "iops" : 0.000000,
        "runtime" : 0,
        "total_ios" : 0,
        "short_ios" : 0,
        "drop_ios" : 0,
        "slat_ns" : {
          "min" : 0,
          "max" : 0,
          "mean" : 0.000000,
          "stddev" : 0.000000,
          "N" : 0
        },
        "clat_ns" : {
          "min" : 0,
          "max" : 0,
          "mean" : 0.000000,
          "stddev" : 0.000000,
          "N" : 0
        },
        "lat_ns" : {
          "min" : 0,
          "max" : 0,
          "mean" : 0.000000,
          "stddev" : 0.000000,
          "N" : 0
        },
        "bw_min" : 0,
        "bw_max" : 0,
        "bw_agg" : 0.000000,
        "bw_mean" : 0.000000,
        "bw_dev" : 0.000000,
        "bw_samples" : 0,
        "iops_min" : 0,
        "iops_max" : 0,
        "iops_mean" : 0.000000,
        "iops_stddev" : 0.000000,
        "iops_samples" : 0
      },
      "sync" : {
        "total_ios" : 0,
        "lat_ns" : {
          "min" : 0,
          "max" : 0,
          "mean" : 0.000000,
          "stddev" : 0.000000,
          "N" : 0
        }
      },
      "job_runtime" : 1415502,
      "usr_cpu" : 0.264994,
      "sys_cpu" : 0.509360,
      "ctx" : 43147,
      "majf" : 0,
      "minf" : 11,
      "iodepth_level" : {
        "1" : 100.000000,
        "2" : 0.000000,
        "4" : 0.000000,
        "8" : 0.000000,
        "16" : 0.000000,
        "32" : 0.000000,
        ">=64" : 0.000000
      },
      "iodepth_submit" : {
        "0" : 0.000000,
        "4" : 100.000000,
        "8" : 0.000000,
        "16" : 0.000000,
        "32" : 0.000000,
        "64" : 0.000000,
        ">=64" : 0.000000
      },
      "iodepth_complete" : {
        "0" : 0.000000,
        "4" : 100.000000,
        "8" : 0.000000,
        "16" : 0.000000,
        "32" : 0.000000,
        "64" : 0.000000,
        ">=64" : 0.000000
      },
      "latency_ns" : {
        "2" : 0.000000,
        "4" : 0.000000,
        "10" : 0.000000,
        "20" : 0.000000,
        "50" : 0.000000,
        "100" : 0.000000,
        "250" : 0.000000,
        "500" : 0.000000,
        "750" : 0.000000,
        "1000" : 39.706612
      },
      "latency_us" : {
        "2" : 28.249283,
        "4" : 28.307686,
        "10" : 1.949387,
        "20" : 0.132027,
        "50" : 0.041924,
        "100" : 0.017548,
        "250" : 0.033188,
        "500" : 0.010000,
        "750" : 0.010000,
        "1000" : 0.010000
      },
      "latency_ms" : {
        "2" : 0.010000,
        "4" : 0.010000,
        "10" : 0.087433,
        "20" : 0.498047,
        "50" : 0.551376,
        "100" : 0.413742,
        "250" : 0.010872,
        "500" : 0.010000,
        "750" : 0.000000,
        "1000" : 0.000000,
        "2000" : 0.000000,
        ">=2000" : 0.010000
      },
      "latency_depth" : 1,
      "latency_target" : 0,
      "latency_percentile" : 100.000000,
      "latency_window" : 0
    }
  ]
}
