{
  "fio version" : "fio-3.41",
  "timestamp" : 1774633753,
  "timestamp_ms" : 1774633753598,
  "time" : "Fri Mar 27 13:49:13 2026",
  "jobs" : [
    {
      "jobname" : "text_8_write",
      "groupid" : 0,
      "job_start" : 1774633537501,
      "error" : 0,
      "eta" : 0,
      "elapsed" : 217,
      "job options" : {
        "name" : "text_8_write",
        "filename" : "test8.junk",
        "size" : "10gb",
        "rw" : "write"
      },
      "read" : {
        "io_bytes" : 0,
        "io_kbytes" : 0,
        "bw_bytes" : 0,
        "bw" : 0,
        "iops" : 0.000000,
        "runtime" : 0,
        "total_ios" : 0,
        "short_ios" : 0,
        "drop_ios" : 0,
        "slat_ns" : {
          "min" : 0,
          "max" : 0,
          "mean" : 0.000000,
          "stddev" : 0.000000,
          "N" : 0
        },
        "clat_ns" : {
          "min" : 0,
          "max" : 0,
          "mean" : 0.000000,
          "stddev" : 0.000000,
          "N" : 0
        },
        "lat_ns" : {
          "min" : 0,
          "max" : 0,
          "mean" : 0.000000,
          "stddev" : 0.000000,
          "N" : 0
        },
        "bw_min" : 0,
        "bw_max" : 0,
        "bw_agg" : 0.000000,
        "bw_mean" : 0.000000,
        "bw_dev" : 0.000000,
        "bw_samples" : 0,
        "iops_min" : 0,
        "iops_max" : 0,
        "iops_mean" : 0.000000,
        "iops_stddev" : 0.000000,
        "iops_samples" : 0
      },
      "write" : {
        "io_bytes" : 10737418240,
        "io_kbytes" : 10485760,
        "bw_bytes" : 49729608,
        "bw" : 48564,
        "iops" : 12141.017803,
        "runtime" : 215916,
        "total_ios" : 2621440,
        "short_ios" : 0,
        "drop_ios" : 0,
        "slat_ns" : {
          "min" : 0,
          "max" : 0,
          "mean" : 0.000000,
          "stddev" : 0.000000,
          "N" : 0
        },
        "clat_ns" : {
          "min" : 5317,
          "max" : 161085798,
          "mean" : 82066.926079,
          "stddev" : 738497.645079,
          "N" : 2621440,
          "percentile" : {
            "1.000000" : 6368,
            "5.000000" : 6624,
            "10.000000" : 6880,
            "20.000000" : 8256,
            "30.000000" : 9920,
            "40.000000" : 10176,
            "50.000000" : 10432,
            "60.000000" : 10688,
            "70.000000" : 11456,
            "80.000000" : 12992,
            "90.000000" : 17536,
            "95.000000" : 50944,
            "99.000000" : 2768896,
            "99.500000" : 4177920,
            "99.900000" : 8224768,
            "99.950000" : 10682368,
            "99.990000" : 19529728
          }
        },
        "lat_ns" : {
          "min" : 5347,
          "max" : 161085825,
          "mean" : 82107.311700,
          "stddev" : 738497.320610,
          "N" : 2621440
        },
        "bw_min" : 12200,
        "bw_max" : 52848,
        "bw_agg" : 100.000000,
        "bw_mean" : 48598.867749,
        "bw_dev" : 4463.789715,
        "bw_samples" : 431,
        "iops_min" : 3050,
        "iops_max" : 13212,
        "iops_mean" : 12149.716937,
        "iops_stddev" : 1115.947429,
        "iops_samples" : 431
      },
      "trim" : {
        "io_bytes" : 0,
        "io_kbytes" : 0,
        "bw_bytes" : 0,
        "bw" : 0,
        "iops" : 0.000000,
        "runtime" : 0,
        "total_ios" : 0,
        "short_ios" : 0,
        "drop_ios" : 0,
        "slat_ns" : {
          "min" : 0,
          "max" : 0,
          "mean" : 0.000000,
          "stddev" : 0.000000,
          "N" : 0
        },
        "clat_ns" : {
          "min" : 0,
          "max" : 0,
          "mean" : 0.000000,
          "stddev" : 0.000000,
          "N" : 0
        },
        "lat_ns" : {
          "min" : 0,
          "max" : 0,
          "mean" : 0.000000,
          "stddev" : 0.000000,
          "N" : 0
        },
        "bw_min" : 0,
        "bw_max" : 0,
        "bw_agg" : 0.000000,
        "bw_mean" : 0.000000,
        "bw_dev" : 0.000000,
        "bw_samples" : 0,
        "iops_min" : 0,
        "iops_max" : 0,
        "iops_mean" : 0.000000,
        "iops_stddev" : 0.000000,
        "iops_samples" : 0
      },
      "sync" : {
        "total_ios" : 0,
        "lat_ns" : {
          "min" : 0,
          "max" : 0,
          "mean" : 0.000000,
          "stddev" : 0.000000,
          "N" : 0
        }
      },
      "job_runtime" : 215915,
      "usr_cpu" : 0.658593,
      "sys_cpu" : 3.238775,
      "ctx" : 2621602,
      "majf" : 0,
      "minf" : 8,
      "iodepth_level" : {
        "1" : 100.000000,
        "2" : 0.000000,
        "4" : 0.000000,
        "8" : 0.000000,
        "16" : 0.000000,
        "32" : 0.000000,
        ">=64" : 0.000000
      },
      "iodepth_submit" : {
        "0" : 0.000000,
        "4" : 100.000000,
        "8" : 0.000000,
        "16" : 0.000000,
        "32" : 0.000000,
        "64" : 0.000000,
        ">=64" : 0.000000
      },
      "iodepth_complete" : {
        "0" : 0.000000,
        "4" : 100.000000,
        "8" : 0.000000,
        "16" : 0.000000,
        "32" : 0.000000,
        "64" : 0.000000,
        ">=64" : 0.000000
      },
      "latency_ns" : {
        "2" : 0.000000,
        "4" : 0.000000,
        "10" : 0.000000,
        "20" : 0.000000,
        "50" : 0.000000,
        "100" : 0.000000,
        "250" : 0.000000,
        "500" : 0.000000,
        "750" : 0.000000,
        "1000" : 0.000000
      },
      "latency_us" : {
        "2" : 0.000000,
        "4" : 0.000000,
        "10" : 31.140823,
        "20" : 59.768600,
        "50" : 4.004669,
        "100" : 2.657318,
        "250" : 0.441971,
        "500" : 0.178490,
        "750" : 0.041008,
        "1000" : 0.046844
      },
      "latency_ms" : {
        "2" : 0.290070,
        "4" : 0.885429,
        "10" : 0.484428,
        "20" : 0.050812,
        "50" : 0.010000,
        "100" : 0.010000,
        "250" : 0.010000,
        "500" : 0.000000,
        "750" : 0.000000,
        "1000" : 0.000000,
        "2000" : 0.000000,
        ">=2000" : 0.000000
      },
      "latency_depth" : 1,
      "latency_target" : 0,
      "latency_percentile" : 100.000000,
      "latency_window" : 0
    }
  ]
}
