{
  "fio version" : "fio-3.41",
  "timestamp" : 1776191245,
  "timestamp_ms" : 1776191245433,
  "time" : "Tue Apr 14 14:27:25 2026",
  "jobs" : [
    {
      "jobname" : "test_5_write",
      "groupid" : 0,
      "job_start" : 1776190899517,
      "error" : 0,
      "eta" : 0,
      "elapsed" : 347,
      "job options" : {
        "name" : "test_5_write",
        "filename" : "test5.junk",
        "size" : "10gb",
        "rw" : "write"
      },
      "read" : {
        "io_bytes" : 0,
        "io_kbytes" : 0,
        "bw_bytes" : 0,
        "bw" : 0,
        "iops" : 0.000000,
        "runtime" : 0,
        "total_ios" : 0,
        "short_ios" : 0,
        "drop_ios" : 0,
        "slat_ns" : {
          "min" : 0,
          "max" : 0,
          "mean" : 0.000000,
          "stddev" : 0.000000,
          "N" : 0
        },
        "clat_ns" : {
          "min" : 0,
          "max" : 0,
          "mean" : 0.000000,
          "stddev" : 0.000000,
          "N" : 0
        },
        "lat_ns" : {
          "min" : 0,
          "max" : 0,
          "mean" : 0.000000,
          "stddev" : 0.000000,
          "N" : 0
        },
        "bw_min" : 0,
        "bw_max" : 0,
        "bw_agg" : 0.000000,
        "bw_mean" : 0.000000,
        "bw_dev" : 0.000000,
        "bw_samples" : 0,
        "iops_min" : 0,
        "iops_max" : 0,
        "iops_mean" : 0.000000,
        "iops_stddev" : 0.000000,
        "iops_samples" : 0
      },
      "write" : {
        "io_bytes" : 10737418240,
        "io_kbytes" : 10485760,
        "bw_bytes" : 31057325,
        "bw" : 30329,
        "iops" : 7582.354966,
        "runtime" : 345729,
        "total_ios" : 2621440,
        "short_ios" : 0,
        "drop_ios" : 0,
        "slat_ns" : {
          "min" : 0,
          "max" : 0,
          "mean" : 0.000000,
          "stddev" : 0.000000,
          "N" : 0
        },
        "clat_ns" : {
          "min" : 10561,
          "max" : 181997683,
          "mean" : 129735.710032,
          "stddev" : 910711.048407,
          "N" : 2621440,
          "percentile" : {
            "1.000000" : 12736,
            "5.000000" : 22656,
            "10.000000" : 30080,
            "20.000000" : 39168,
            "30.000000" : 43776,
            "40.000000" : 47360,
            "50.000000" : 52992,
            "60.000000" : 60160,
            "70.000000" : 70144,
            "80.000000" : 96768,
            "90.000000" : 144384,
            "95.000000" : 179200,
            "99.000000" : 1204224,
            "99.500000" : 4177920,
            "99.900000" : 12124160,
            "99.950000" : 16908288,
            "99.990000" : 28442624
          }
        },
        "lat_ns" : {
          "min" : 10605,
          "max" : 181998058,
          "mean" : 130070.479559,
          "stddev" : 910712.712093,
          "N" : 2621440
        },
        "bw_min" : 12344,
        "bw_max" : 33896,
        "bw_agg" : 100.000000,
        "bw_mean" : 30346.578871,
        "bw_dev" : 3963.554545,
        "bw_samples" : 691,
        "iops_min" : 3086,
        "iops_max" : 8474,
        "iops_mean" : 7586.629522,
        "iops_stddev" : 990.885112,
        "iops_samples" : 691
      },
      "trim" : {
        "io_bytes" : 0,
        "io_kbytes" : 0,
        "bw_bytes" : 0,
        "bw" : 0,
        "iops" : 0.000000,
        "runtime" : 0,
        "total_ios" : 0,
        "short_ios" : 0,
        "drop_ios" : 0,
        "slat_ns" : {
          "min" : 0,
          "max" : 0,
          "mean" : 0.000000,
          "stddev" : 0.000000,
          "N" : 0
        },
        "clat_ns" : {
          "min" : 0,
          "max" : 0,
          "mean" : 0.000000,
          "stddev" : 0.000000,
          "N" : 0
        },
        "lat_ns" : {
          "min" : 0,
          "max" : 0,
          "mean" : 0.000000,
          "stddev" : 0.000000,
          "N" : 0
        },
        "bw_min" : 0,
        "bw_max" : 0,
        "bw_agg" : 0.000000,
        "bw_mean" : 0.000000,
        "bw_dev" : 0.000000,
        "bw_samples" : 0,
        "iops_min" : 0,
        "iops_max" : 0,
        "iops_mean" : 0.000000,
        "iops_stddev" : 0.000000,
        "iops_samples" : 0
      },
      "sync" : {
        "total_ios" : 0,
        "lat_ns" : {
          "min" : 0,
          "max" : 0,
          "mean" : 0.000000,
          "stddev" : 0.000000,
          "N" : 0
        }
      },
      "job_runtime" : 345728,
      "usr_cpu" : 3.754107,
      "sys_cpu" : 11.266371,
      "ctx" : 2621934,
      "majf" : 0,
      "minf" : 10,
      "iodepth_level" : {
        "1" : 100.000000,
        "2" : 0.000000,
        "4" : 0.000000,
        "8" : 0.000000,
        "16" : 0.000000,
        "32" : 0.000000,
        ">=64" : 0.000000
      },
      "iodepth_submit" : {
        "0" : 0.000000,
        "4" : 100.000000,
        "8" : 0.000000,
        "16" : 0.000000,
        "32" : 0.000000,
        "64" : 0.000000,
        ">=64" : 0.000000
      },
      "iodepth_complete" : {
        "0" : 0.000000,
        "4" : 100.000000,
        "8" : 0.000000,
        "16" : 0.000000,
        "32" : 0.000000,
        "64" : 0.000000,
        ">=64" : 0.000000
      },
      "latency_ns" : {
        "2" : 0.000000,
        "4" : 0.000000,
        "10" : 0.000000,
        "20" : 0.000000,
        "50" : 0.000000,
        "100" : 0.000000,
        "250" : 0.000000,
        "500" : 0.000000,
        "750" : 0.000000,
        "1000" : 0.000000
      },
      "latency_us" : {
        "2" : 0.000000,
        "4" : 0.000000,
        "10" : 0.000000,
        "20" : 3.940163,
        "50" : 40.985680,
        "100" : 35.740662,
        "250" : 17.934685,
        "500" : 0.218048,
        "750" : 0.071487,
        "1000" : 0.064812
      },
      "latency_ms" : {
        "2" : 0.190582,
        "4" : 0.331383,
        "10" : 0.380669,
        "20" : 0.112839,
        "50" : 0.024872,
        "100" : 0.010000,
        "250" : 0.010000,
        "500" : 0.000000,
        "750" : 0.000000,
        "1000" : 0.000000,
        "2000" : 0.000000,
        ">=2000" : 0.000000
      },
      "latency_depth" : 1,
      "latency_target" : 0,
      "latency_percentile" : 100.000000,
      "latency_window" : 0
    }
  ]
}
