{
  "fio version" : "fio-3.41",
  "timestamp" : 1774637033,
  "timestamp_ms" : 1774637033182,
  "time" : "Fri Mar 27 14:43:53 2026",
  "jobs" : [
    {
      "jobname" : "text_10_write",
      "groupid" : 0,
      "job_start" : 1774636811219,
      "error" : 0,
      "eta" : 0,
      "elapsed" : 223,
      "job options" : {
        "name" : "text_10_write",
        "filename" : "test10.junk",
        "size" : "10gb",
        "rw" : "write"
      },
      "read" : {
        "io_bytes" : 0,
        "io_kbytes" : 0,
        "bw_bytes" : 0,
        "bw" : 0,
        "iops" : 0.000000,
        "runtime" : 0,
        "total_ios" : 0,
        "short_ios" : 0,
        "drop_ios" : 0,
        "slat_ns" : {
          "min" : 0,
          "max" : 0,
          "mean" : 0.000000,
          "stddev" : 0.000000,
          "N" : 0
        },
        "clat_ns" : {
          "min" : 0,
          "max" : 0,
          "mean" : 0.000000,
          "stddev" : 0.000000,
          "N" : 0
        },
        "lat_ns" : {
          "min" : 0,
          "max" : 0,
          "mean" : 0.000000,
          "stddev" : 0.000000,
          "N" : 0
        },
        "bw_min" : 0,
        "bw_max" : 0,
        "bw_agg" : 0.000000,
        "bw_mean" : 0.000000,
        "bw_dev" : 0.000000,
        "bw_samples" : 0,
        "iops_min" : 0,
        "iops_max" : 0,
        "iops_mean" : 0.000000,
        "iops_stddev" : 0.000000,
        "iops_samples" : 0
      },
      "write" : {
        "io_bytes" : 10737418240,
        "io_kbytes" : 10485760,
        "bw_bytes" : 48420185,
        "bw" : 47285,
        "iops" : 11821.334355,
        "runtime" : 221755,
        "total_ios" : 2621440,
        "short_ios" : 0,
        "drop_ios" : 0,
        "slat_ns" : {
          "min" : 0,
          "max" : 0,
          "mean" : 0.000000,
          "stddev" : 0.000000,
          "N" : 0
        },
        "clat_ns" : {
          "min" : 5315,
          "max" : 558749462,
          "mean" : 84289.359626,
          "stddev" : 809101.593174,
          "N" : 2621440,
          "percentile" : {
            "1.000000" : 6432,
            "5.000000" : 6624,
            "10.000000" : 6816,
            "20.000000" : 7648,
            "30.000000" : 9920,
            "40.000000" : 10176,
            "50.000000" : 10432,
            "60.000000" : 10688,
            "70.000000" : 11328,
            "80.000000" : 12864,
            "90.000000" : 16768,
            "95.000000" : 50944,
            "99.000000" : 2998272,
            "99.500000" : 4554752,
            "99.900000" : 8159232,
            "99.950000" : 10551296,
            "99.990000" : 17170432
          }
        },
        "lat_ns" : {
          "min" : 5344,
          "max" : 558749533,
          "mean" : 84328.792014,
          "stddev" : 809101.330546,
          "N" : 2621440
        },
        "bw_min" : 6952,
        "bw_max" : 52464,
        "bw_agg" : 100.000000,
        "bw_mean" : 47413.375566,
        "bw_dev" : 5374.304336,
        "bw_samples" : 442,
        "iops_min" : 1738,
        "iops_max" : 13116,
        "iops_mean" : 11853.348416,
        "iops_stddev" : 1343.567334,
        "iops_samples" : 442
      },
      "trim" : {
        "io_bytes" : 0,
        "io_kbytes" : 0,
        "bw_bytes" : 0,
        "bw" : 0,
        "iops" : 0.000000,
        "runtime" : 0,
        "total_ios" : 0,
        "short_ios" : 0,
        "drop_ios" : 0,
        "slat_ns" : {
          "min" : 0,
          "max" : 0,
          "mean" : 0.000000,
          "stddev" : 0.000000,
          "N" : 0
        },
        "clat_ns" : {
          "min" : 0,
          "max" : 0,
          "mean" : 0.000000,
          "stddev" : 0.000000,
          "N" : 0
        },
        "lat_ns" : {
          "min" : 0,
          "max" : 0,
          "mean" : 0.000000,
          "stddev" : 0.000000,
          "N" : 0
        },
        "bw_min" : 0,
        "bw_max" : 0,
        "bw_agg" : 0.000000,
        "bw_mean" : 0.000000,
        "bw_dev" : 0.000000,
        "bw_samples" : 0,
        "iops_min" : 0,
        "iops_max" : 0,
        "iops_mean" : 0.000000,
        "iops_stddev" : 0.000000,
        "iops_samples" : 0
      },
      "sync" : {
        "total_ios" : 0,
        "lat_ns" : {
          "min" : 0,
          "max" : 0,
          "mean" : 0.000000,
          "stddev" : 0.000000,
          "N" : 0
        }
      },
      "job_runtime" : 221754,
      "usr_cpu" : 0.676425,
      "sys_cpu" : 3.104792,
      "ctx" : 2621719,
      "majf" : 0,
      "minf" : 8,
      "iodepth_level" : {
        "1" : 100.000000,
        "2" : 0.000000,
        "4" : 0.000000,
        "8" : 0.000000,
        "16" : 0.000000,
        "32" : 0.000000,
        ">=64" : 0.000000
      },
      "iodepth_submit" : {
        "0" : 0.000000,
        "4" : 100.000000,
        "8" : 0.000000,
        "16" : 0.000000,
        "32" : 0.000000,
        "64" : 0.000000,
        ">=64" : 0.000000
      },
      "iodepth_complete" : {
        "0" : 0.000000,
        "4" : 100.000000,
        "8" : 0.000000,
        "16" : 0.000000,
        "32" : 0.000000,
        "64" : 0.000000,
        ">=64" : 0.000000
      },
      "latency_ns" : {
        "2" : 0.000000,
        "4" : 0.000000,
        "10" : 0.000000,
        "20" : 0.000000,
        "50" : 0.000000,
        "100" : 0.000000,
        "250" : 0.000000,
        "500" : 0.000000,
        "750" : 0.000000,
        "1000" : 0.000000
      },
      "latency_us" : {
        "2" : 0.000000,
        "4" : 0.000000,
        "10" : 32.172050,
        "20" : 59.051132,
        "50" : 3.681908,
        "100" : 2.708206,
        "250" : 0.421448,
        "500" : 0.186691,
        "750" : 0.035820,
        "1000" : 0.032997
      },
      "latency_ms" : {
        "2" : 0.229492,
        "4" : 0.848122,
        "10" : 0.576134,
        "20" : 0.048904,
        "50" : 0.010000,
        "100" : 0.010000,
        "250" : 0.010000,
        "500" : 0.000000,
        "750" : 0.010000,
        "1000" : 0.000000,
        "2000" : 0.000000,
        ">=2000" : 0.000000
      },
      "latency_depth" : 1,
      "latency_target" : 0,
      "latency_percentile" : 100.000000,
      "latency_window" : 0
    }
  ]
}
