{
  "fio version" : "fio-3.41",
  "timestamp" : 1774623451,
  "timestamp_ms" : 1774623451486,
  "time" : "Fri Mar 27 10:57:31 2026",
  "jobs" : [
    {
      "jobname" : "test_4_write",
      "groupid" : 0,
      "job_start" : 1774623183066,
      "error" : 0,
      "eta" : 0,
      "elapsed" : 269,
      "job options" : {
        "name" : "test_4_write",
        "filename" : "test4.junk",
        "size" : "10gb",
        "rw" : "write"
      },
      "read" : {
        "io_bytes" : 0,
        "io_kbytes" : 0,
        "bw_bytes" : 0,
        "bw" : 0,
        "iops" : 0.000000,
        "runtime" : 0,
        "total_ios" : 0,
        "short_ios" : 0,
        "drop_ios" : 0,
        "slat_ns" : {
          "min" : 0,
          "max" : 0,
          "mean" : 0.000000,
          "stddev" : 0.000000,
          "N" : 0
        },
        "clat_ns" : {
          "min" : 0,
          "max" : 0,
          "mean" : 0.000000,
          "stddev" : 0.000000,
          "N" : 0
        },
        "lat_ns" : {
          "min" : 0,
          "max" : 0,
          "mean" : 0.000000,
          "stddev" : 0.000000,
          "N" : 0
        },
        "bw_min" : 0,
        "bw_max" : 0,
        "bw_agg" : 0.000000,
        "bw_mean" : 0.000000,
        "bw_dev" : 0.000000,
        "bw_samples" : 0,
        "iops_min" : 0,
        "iops_max" : 0,
        "iops_mean" : 0.000000,
        "iops_stddev" : 0.000000,
        "iops_samples" : 0
      },
      "write" : {
        "io_bytes" : 10737418240,
        "io_kbytes" : 10485760,
        "bw_bytes" : 40022879,
        "bw" : 39084,
        "iops" : 9771.210890,
        "runtime" : 268282,
        "total_ios" : 2621440,
        "short_ios" : 0,
        "drop_ios" : 0,
        "slat_ns" : {
          "min" : 0,
          "max" : 0,
          "mean" : 0.000000,
          "stddev" : 0.000000,
          "N" : 0
        },
        "clat_ns" : {
          "min" : 5234,
          "max" : 1419509697,
          "mean" : 102008.019483,
          "stddev" : 1703826.653367,
          "N" : 2621440,
          "percentile" : {
            "1.000000" : 6560,
            "5.000000" : 6944,
            "10.000000" : 7392,
            "20.000000" : 10048,
            "30.000000" : 10560,
            "40.000000" : 10816,
            "50.000000" : 11072,
            "60.000000" : 12224,
            "70.000000" : 13376,
            "80.000000" : 15552,
            "90.000000" : 47360,
            "95.000000" : 74240,
            "99.000000" : 2932736,
            "99.500000" : 4685824,
            "99.900000" : 10420224,
            "99.950000" : 14090240,
            "99.990000" : 37486592
          }
        },
        "lat_ns" : {
          "min" : 5265,
          "max" : 1419509725,
          "mean" : 102054.631695,
          "stddev" : 1703826.515133,
          "N" : 2621440
        },
        "bw_min" : 232,
        "bw_max" : 45312,
        "bw_agg" : 100.000000,
        "bw_mean" : 39403.939850,
        "bw_dev" : 6718.267259,
        "bw_samples" : 532,
        "iops_min" : 58,
        "iops_max" : 11328,
        "iops_mean" : 9850.984962,
        "iops_stddev" : 1679.566815,
        "iops_samples" : 532
      },
      "trim" : {
        "io_bytes" : 0,
        "io_kbytes" : 0,
        "bw_bytes" : 0,
        "bw" : 0,
        "iops" : 0.000000,
        "runtime" : 0,
        "total_ios" : 0,
        "short_ios" : 0,
        "drop_ios" : 0,
        "slat_ns" : {
          "min" : 0,
          "max" : 0,
          "mean" : 0.000000,
          "stddev" : 0.000000,
          "N" : 0
        },
        "clat_ns" : {
          "min" : 0,
          "max" : 0,
          "mean" : 0.000000,
          "stddev" : 0.000000,
          "N" : 0
        },
        "lat_ns" : {
          "min" : 0,
          "max" : 0,
          "mean" : 0.000000,
          "stddev" : 0.000000,
          "N" : 0
        },
        "bw_min" : 0,
        "bw_max" : 0,
        "bw_agg" : 0.000000,
        "bw_mean" : 0.000000,
        "bw_dev" : 0.000000,
        "bw_samples" : 0,
        "iops_min" : 0,
        "iops_max" : 0,
        "iops_mean" : 0.000000,
        "iops_stddev" : 0.000000,
        "iops_samples" : 0
      },
      "sync" : {
        "total_ios" : 0,
        "lat_ns" : {
          "min" : 0,
          "max" : 0,
          "mean" : 0.000000,
          "stddev" : 0.000000,
          "N" : 0
        }
      },
      "job_runtime" : 268281,
      "usr_cpu" : 0.574025,
      "sys_cpu" : 2.887271,
      "ctx" : 2621992,
      "majf" : 0,
      "minf" : 9,
      "iodepth_level" : {
        "1" : 100.000000,
        "2" : 0.000000,
        "4" : 0.000000,
        "8" : 0.000000,
        "16" : 0.000000,
        "32" : 0.000000,
        ">=64" : 0.000000
      },
      "iodepth_submit" : {
        "0" : 0.000000,
        "4" : 100.000000,
        "8" : 0.000000,
        "16" : 0.000000,
        "32" : 0.000000,
        "64" : 0.000000,
        ">=64" : 0.000000
      },
      "iodepth_complete" : {
        "0" : 0.000000,
        "4" : 100.000000,
        "8" : 0.000000,
        "16" : 0.000000,
        "32" : 0.000000,
        "64" : 0.000000,
        ">=64" : 0.000000
      },
      "latency_ns" : {
        "2" : 0.000000,
        "4" : 0.000000,
        "10" : 0.000000,
        "20" : 0.000000,
        "50" : 0.000000,
        "100" : 0.000000,
        "250" : 0.000000,
        "500" : 0.000000,
        "750" : 0.000000,
        "1000" : 0.000000
      },
      "latency_us" : {
        "2" : 0.000000,
        "4" : 0.000000,
        "10" : 18.742027,
        "20" : 65.522957,
        "50" : 6.015587,
        "100" : 5.713692,
        "250" : 2.048759,
        "500" : 0.089912,
        "750" : 0.034714,
        "1000" : 0.050583
      },
      "latency_ms" : {
        "2" : 0.308723,
        "4" : 0.826340,
        "10" : 0.536232,
        "20" : 0.083351,
        "50" : 0.020561,
        "100" : 0.010000,
        "250" : 0.010000,
        "500" : 0.010000,
        "750" : 0.010000,
        "1000" : 0.000000,
        "2000" : 0.010000,
        ">=2000" : 0.000000
      },
      "latency_depth" : 1,
      "latency_target" : 0,
      "latency_percentile" : 100.000000,
      "latency_window" : 0
    }
  ]
}
