{
  "fio version" : "fio-3.41",
  "timestamp" : 1774621514,
  "timestamp_ms" : 1774621514061,
  "time" : "Fri Mar 27 10:25:14 2026",
  "jobs" : [
    {
      "jobname" : "test_3_write",
      "groupid" : 0,
      "job_start" : 1774621239136,
      "error" : 0,
      "eta" : 0,
      "elapsed" : 276,
      "job options" : {
        "name" : "test_3_write",
        "filename" : "test3.junk",
        "size" : "10gb",
        "rw" : "write"
      },
      "read" : {
        "io_bytes" : 0,
        "io_kbytes" : 0,
        "bw_bytes" : 0,
        "bw" : 0,
        "iops" : 0.000000,
        "runtime" : 0,
        "total_ios" : 0,
        "short_ios" : 0,
        "drop_ios" : 0,
        "slat_ns" : {
          "min" : 0,
          "max" : 0,
          "mean" : 0.000000,
          "stddev" : 0.000000,
          "N" : 0
        },
        "clat_ns" : {
          "min" : 0,
          "max" : 0,
          "mean" : 0.000000,
          "stddev" : 0.000000,
          "N" : 0
        },
        "lat_ns" : {
          "min" : 0,
          "max" : 0,
          "mean" : 0.000000,
          "stddev" : 0.000000,
          "N" : 0
        },
        "bw_min" : 0,
        "bw_max" : 0,
        "bw_agg" : 0.000000,
        "bw_mean" : 0.000000,
        "bw_dev" : 0.000000,
        "bw_samples" : 0,
        "iops_min" : 0,
        "iops_max" : 0,
        "iops_mean" : 0.000000,
        "iops_stddev" : 0.000000,
        "iops_samples" : 0
      },
      "write" : {
        "io_bytes" : 10737418240,
        "io_kbytes" : 10485760,
        "bw_bytes" : 39069735,
        "bw" : 38154,
        "iops" : 9538.509681,
        "runtime" : 274827,
        "total_ios" : 2621440,
        "short_ios" : 0,
        "drop_ios" : 0,
        "slat_ns" : {
          "min" : 0,
          "max" : 0,
          "mean" : 0.000000,
          "stddev" : 0.000000,
          "N" : 0
        },
        "clat_ns" : {
          "min" : 5518,
          "max" : 1403154832,
          "mean" : 104508.354158,
          "stddev" : 1422835.009491,
          "N" : 2621440,
          "percentile" : {
            "1.000000" : 6560,
            "5.000000" : 6944,
            "10.000000" : 7392,
            "20.000000" : 10176,
            "30.000000" : 10560,
            "40.000000" : 10816,
            "50.000000" : 11200,
            "60.000000" : 12224,
            "70.000000" : 13376,
            "80.000000" : 15680,
            "90.000000" : 46336,
            "95.000000" : 73216,
            "99.000000" : 2998272,
            "99.500000" : 4882432,
            "99.900000" : 11075584,
            "99.950000" : 14745600,
            "99.990000" : 38535168
          }
        },
        "lat_ns" : {
          "min" : 5547,
          "max" : 1403154860,
          "mean" : 104552.365519,
          "stddev" : 1422834.777720,
          "N" : 2621440
        },
        "bw_min" : 1016,
        "bw_max" : 44608,
        "bw_agg" : 100.000000,
        "bw_mean" : 38308.299817,
        "bw_dev" : 6984.206484,
        "bw_samples" : 547,
        "iops_min" : 254,
        "iops_max" : 11152,
        "iops_mean" : 9577.074954,
        "iops_stddev" : 1746.051332,
        "iops_samples" : 547
      },
      "trim" : {
        "io_bytes" : 0,
        "io_kbytes" : 0,
        "bw_bytes" : 0,
        "bw" : 0,
        "iops" : 0.000000,
        "runtime" : 0,
        "total_ios" : 0,
        "short_ios" : 0,
        "drop_ios" : 0,
        "slat_ns" : {
          "min" : 0,
          "max" : 0,
          "mean" : 0.000000,
          "stddev" : 0.000000,
          "N" : 0
        },
        "clat_ns" : {
          "min" : 0,
          "max" : 0,
          "mean" : 0.000000,
          "stddev" : 0.000000,
          "N" : 0
        },
        "lat_ns" : {
          "min" : 0,
          "max" : 0,
          "mean" : 0.000000,
          "stddev" : 0.000000,
          "N" : 0
        },
        "bw_min" : 0,
        "bw_max" : 0,
        "bw_agg" : 0.000000,
        "bw_mean" : 0.000000,
        "bw_dev" : 0.000000,
        "bw_samples" : 0,
        "iops_min" : 0,
        "iops_max" : 0,
        "iops_mean" : 0.000000,
        "iops_stddev" : 0.000000,
        "iops_samples" : 0
      },
      "sync" : {
        "total_ios" : 0,
        "lat_ns" : {
          "min" : 0,
          "max" : 0,
          "mean" : 0.000000,
          "stddev" : 0.000000,
          "N" : 0
        }
      },
      "job_runtime" : 274826,
      "usr_cpu" : 0.608021,
      "sys_cpu" : 2.770116,
      "ctx" : 2621841,
      "majf" : 0,
      "minf" : 10,
      "iodepth_level" : {
        "1" : 100.000000,
        "2" : 0.000000,
        "4" : 0.000000,
        "8" : 0.000000,
        "16" : 0.000000,
        "32" : 0.000000,
        ">=64" : 0.000000
      },
      "iodepth_submit" : {
        "0" : 0.000000,
        "4" : 100.000000,
        "8" : 0.000000,
        "16" : 0.000000,
        "32" : 0.000000,
        "64" : 0.000000,
        ">=64" : 0.000000
      },
      "iodepth_complete" : {
        "0" : 0.000000,
        "4" : 100.000000,
        "8" : 0.000000,
        "16" : 0.000000,
        "32" : 0.000000,
        "64" : 0.000000,
        ">=64" : 0.000000
      },
      "latency_ns" : {
        "2" : 0.000000,
        "4" : 0.000000,
        "10" : 0.000000,
        "20" : 0.000000,
        "50" : 0.000000,
        "100" : 0.000000,
        "250" : 0.000000,
        "500" : 0.000000,
        "750" : 0.000000,
        "1000" : 0.000000
      },
      "latency_us" : {
        "2" : 0.000000,
        "4" : 0.000000,
        "10" : 18.396072,
        "20" : 66.017952,
        "50" : 6.019363,
        "100" : 5.640907,
        "250" : 1.967812,
        "500" : 0.088425,
        "750" : 0.032463,
        "1000" : 0.046005
      },
      "latency_ms" : {
        "2" : 0.301094,
        "4" : 0.806007,
        "10" : 0.560951,
        "20" : 0.093536,
        "50" : 0.022316,
        "100" : 0.010000,
        "250" : 0.010000,
        "500" : 0.010000,
        "750" : 0.000000,
        "1000" : 0.000000,
        "2000" : 0.010000,
        ">=2000" : 0.000000
      },
      "latency_depth" : 1,
      "latency_target" : 0,
      "latency_percentile" : 100.000000,
      "latency_window" : 0
    }
  ]
}
