{
  "fio version" : "fio-3.39",
  "timestamp" : 1775231059,
  "timestamp_ms" : 1775231059332,
  "time" : "Fri Apr  3 11:44:19 2026",
  "jobs" : [
    {
      "jobname" : "test_6_read",
      "groupid" : 0,
      "job_start" : 1775229478435,
      "error" : 0,
      "eta" : 0,
      "elapsed" : 1581,
      "job options" : {
        "name" : "test_6_read",
        "filename" : "test6.junk",
        "size" : "10gb",
        "rw" : "read"
      },
      "read" : {
        "io_bytes" : 10737418240,
        "io_kbytes" : 10485760,
        "bw_bytes" : 6792756,
        "bw" : 6633,
        "iops" : 1658.387718,
        "runtime" : 1580716,
        "total_ios" : 2621440,
        "short_ios" : 0,
        "drop_ios" : 0,
        "slat_ns" : {
          "min" : 0,
          "max" : 0,
          "mean" : 0.000000,
          "stddev" : 0.000000,
          "N" : 0
        },
        "clat_ns" : {
          "min" : 771,
          "max" : 748583491,
          "mean" : 602377.353322,
          "stddev" : 5852830.089152,
          "N" : 2621440,
          "percentile" : {
            "1.000000" : 964,
            "5.000000" : 972,
            "10.000000" : 980,
            "20.000000" : 988,
            "30.000000" : 1004,
            "40.000000" : 1020,
            "50.000000" : 1048,
            "60.000000" : 1384,
            "70.000000" : 3088,
            "80.000000" : 3120,
            "90.000000" : 3216,
            "95.000000" : 4080,
            "99.000000" : 23986176,
            "99.500000" : 47972352,
            "99.900000" : 69730304,
            "99.950000" : 84410368,
            "99.990000" : 149946368
          }
        },
        "lat_ns" : {
          "min" : 799,
          "max" : 748583524,
          "mean" : 602454.782156,
          "stddev" : 5852828.613731,
          "N" : 2621440
        },
        "bw_min" : 512,
        "bw_max" : 9728,
        "bw_agg" : 100.000000,
        "bw_mean" : 6637.976582,
        "bw_dev" : 1469.346033,
        "bw_samples" : 3160,
        "iops_min" : 128,
        "iops_max" : 2432,
        "iops_mean" : 1659.434177,
        "iops_stddev" : 367.339217,
        "iops_samples" : 3160
      },
      "write" : {
        "io_bytes" : 0,
        "io_kbytes" : 0,
        "bw_bytes" : 0,
        "bw" : 0,
        "iops" : 0.000000,
        "runtime" : 0,
        "total_ios" : 0,
        "short_ios" : 0,
        "drop_ios" : 0,
        "slat_ns" : {
          "min" : 0,
          "max" : 0,
          "mean" : 0.000000,
          "stddev" : 0.000000,
          "N" : 0
        },
        "clat_ns" : {
          "min" : 0,
          "max" : 0,
          "mean" : 0.000000,
          "stddev" : 0.000000,
          "N" : 0
        },
        "lat_ns" : {
          "min" : 0,
          "max" : 0,
          "mean" : 0.000000,
          "stddev" : 0.000000,
          "N" : 0
        },
        "bw_min" : 0,
        "bw_max" : 0,
        "bw_agg" : 0.000000,
        "bw_mean" : 0.000000,
        "bw_dev" : 0.000000,
        "bw_samples" : 0,
        "iops_min" : 0,
        "iops_max" : 0,
        "iops_mean" : 0.000000,
        "iops_stddev" : 0.000000,
        "iops_samples" : 0
      },
      "trim" : {
        "io_bytes" : 0,
        "io_kbytes" : 0,
        "bw_bytes" : 0,
        "bw" : 0,
        "iops" : 0.000000,
        "runtime" : 0,
        "total_ios" : 0,
        "short_ios" : 0,
        "drop_ios" : 0,
        "slat_ns" : {
          "min" : 0,
          "max" : 0,
          "mean" : 0.000000,
          "stddev" : 0.000000,
          "N" : 0
        },
        "clat_ns" : {
          "min" : 0,
          "max" : 0,
          "mean" : 0.000000,
          "stddev" : 0.000000,
          "N" : 0
        },
        "lat_ns" : {
          "min" : 0,
          "max" : 0,
          "mean" : 0.000000,
          "stddev" : 0.000000,
          "N" : 0
        },
        "bw_min" : 0,
        "bw_max" : 0,
        "bw_agg" : 0.000000,
        "bw_mean" : 0.000000,
        "bw_dev" : 0.000000,
        "bw_samples" : 0,
        "iops_min" : 0,
        "iops_max" : 0,
        "iops_mean" : 0.000000,
        "iops_stddev" : 0.000000,
        "iops_samples" : 0
      },
      "sync" : {
        "total_ios" : 0,
        "lat_ns" : {
          "min" : 0,
          "max" : 0,
          "mean" : 0.000000,
          "stddev" : 0.000000,
          "N" : 0
        }
      },
      "job_runtime" : 1580715,
      "usr_cpu" : 0.255897,
      "sys_cpu" : 0.489462,
      "ctx" : 43435,
      "majf" : 0,
      "minf" : 11,
      "iodepth_level" : {
        "1" : 100.000000,
        "2" : 0.000000,
        "4" : 0.000000,
        "8" : 0.000000,
        "16" : 0.000000,
        "32" : 0.000000,
        ">=64" : 0.000000
      },
      "iodepth_submit" : {
        "0" : 0.000000,
        "4" : 100.000000,
        "8" : 0.000000,
        "16" : 0.000000,
        "32" : 0.000000,
        "64" : 0.000000,
        ">=64" : 0.000000
      },
      "iodepth_complete" : {
        "0" : 0.000000,
        "4" : 100.000000,
        "8" : 0.000000,
        "16" : 0.000000,
        "32" : 0.000000,
        "64" : 0.000000,
        ">=64" : 0.000000
      },
      "latency_ns" : {
        "2" : 0.000000,
        "4" : 0.000000,
        "10" : 0.000000,
        "20" : 0.000000,
        "50" : 0.000000,
        "100" : 0.000000,
        "250" : 0.000000,
        "500" : 0.000000,
        "750" : 0.000000,
        "1000" : 27.338943
      },
      "latency_us" : {
        "2" : 33.950043,
        "4" : 33.465538,
        "10" : 3.433571,
        "20" : 0.141983,
        "50" : 0.046577,
        "100" : 0.017776,
        "250" : 0.041618,
        "500" : 0.010000,
        "750" : 0.010000,
        "1000" : 0.000000
      },
      "latency_ms" : {
        "2" : 0.010000,
        "4" : 0.000000,
        "10" : 0.016403,
        "20" : 0.433998,
        "50" : 0.659714,
        "100" : 0.421410,
        "250" : 0.028000,
        "500" : 0.010000,
        "750" : 0.010000,
        "1000" : 0.000000,
        "2000" : 0.000000,
        ">=2000" : 0.000000
      },
      "latency_depth" : 1,
      "latency_target" : 0,
      "latency_percentile" : 100.000000,
      "latency_window" : 0
    }
  ]
}
