{
  "fio version" : "fio-3.41",
  "timestamp" : 1774632095,
  "timestamp_ms" : 1774632095379,
  "time" : "Fri Mar 27 13:21:35 2026",
  "jobs" : [
    {
      "jobname" : "text_7_write",
      "groupid" : 0,
      "job_start" : 1774631878916,
      "error" : 0,
      "eta" : 0,
      "elapsed" : 217,
      "job options" : {
        "name" : "text_7_write",
        "filename" : "test7.junk",
        "size" : "10gb",
        "rw" : "write"
      },
      "read" : {
        "io_bytes" : 0,
        "io_kbytes" : 0,
        "bw_bytes" : 0,
        "bw" : 0,
        "iops" : 0.000000,
        "runtime" : 0,
        "total_ios" : 0,
        "short_ios" : 0,
        "drop_ios" : 0,
        "slat_ns" : {
          "min" : 0,
          "max" : 0,
          "mean" : 0.000000,
          "stddev" : 0.000000,
          "N" : 0
        },
        "clat_ns" : {
          "min" : 0,
          "max" : 0,
          "mean" : 0.000000,
          "stddev" : 0.000000,
          "N" : 0
        },
        "lat_ns" : {
          "min" : 0,
          "max" : 0,
          "mean" : 0.000000,
          "stddev" : 0.000000,
          "N" : 0
        },
        "bw_min" : 0,
        "bw_max" : 0,
        "bw_agg" : 0.000000,
        "bw_mean" : 0.000000,
        "bw_dev" : 0.000000,
        "bw_samples" : 0,
        "iops_min" : 0,
        "iops_max" : 0,
        "iops_mean" : 0.000000,
        "iops_stddev" : 0.000000,
        "iops_samples" : 0
      },
      "write" : {
        "io_bytes" : 10737418240,
        "io_kbytes" : 10485760,
        "bw_bytes" : 49634209,
        "bw" : 48470,
        "iops" : 12117.727002,
        "runtime" : 216331,
        "total_ios" : 2621440,
        "short_ios" : 0,
        "drop_ios" : 0,
        "slat_ns" : {
          "min" : 0,
          "max" : 0,
          "mean" : 0.000000,
          "stddev" : 0.000000,
          "N" : 0
        },
        "clat_ns" : {
          "min" : 5548,
          "max" : 242140899,
          "mean" : 82218.953732,
          "stddev" : 767215.747605,
          "N" : 2621440,
          "percentile" : {
            "1.000000" : 6432,
            "5.000000" : 6624,
            "10.000000" : 6816,
            "20.000000" : 7712,
            "30.000000" : 9920,
            "40.000000" : 10176,
            "50.000000" : 10432,
            "60.000000" : 10688,
            "70.000000" : 11456,
            "80.000000" : 12992,
            "90.000000" : 18304,
            "95.000000" : 51456,
            "99.000000" : 2670592,
            "99.500000" : 4227072,
            "99.900000" : 8290304,
            "99.950000" : 10944512,
            "99.990000" : 20578304
          }
        },
        "lat_ns" : {
          "min" : 5576,
          "max" : 242140929,
          "mean" : 82259.311522,
          "stddev" : 767215.455925,
          "N" : 2621440
        },
        "bw_min" : 8200,
        "bw_max" : 52712,
        "bw_agg" : 100.000000,
        "bw_mean" : 48494.518519,
        "bw_dev" : 5563.208051,
        "bw_samples" : 432,
        "iops_min" : 2050,
        "iops_max" : 13178,
        "iops_mean" : 12123.634259,
        "iops_stddev" : 1390.803759,
        "iops_samples" : 432
      },
      "trim" : {
        "io_bytes" : 0,
        "io_kbytes" : 0,
        "bw_bytes" : 0,
        "bw" : 0,
        "iops" : 0.000000,
        "runtime" : 0,
        "total_ios" : 0,
        "short_ios" : 0,
        "drop_ios" : 0,
        "slat_ns" : {
          "min" : 0,
          "max" : 0,
          "mean" : 0.000000,
          "stddev" : 0.000000,
          "N" : 0
        },
        "clat_ns" : {
          "min" : 0,
          "max" : 0,
          "mean" : 0.000000,
          "stddev" : 0.000000,
          "N" : 0
        },
        "lat_ns" : {
          "min" : 0,
          "max" : 0,
          "mean" : 0.000000,
          "stddev" : 0.000000,
          "N" : 0
        },
        "bw_min" : 0,
        "bw_max" : 0,
        "bw_agg" : 0.000000,
        "bw_mean" : 0.000000,
        "bw_dev" : 0.000000,
        "bw_samples" : 0,
        "iops_min" : 0,
        "iops_max" : 0,
        "iops_mean" : 0.000000,
        "iops_stddev" : 0.000000,
        "iops_samples" : 0
      },
      "sync" : {
        "total_ios" : 0,
        "lat_ns" : {
          "min" : 0,
          "max" : 0,
          "mean" : 0.000000,
          "stddev" : 0.000000,
          "N" : 0
        }
      },
      "job_runtime" : 216330,
      "usr_cpu" : 0.675357,
      "sys_cpu" : 3.255674,
      "ctx" : 2621722,
      "majf" : 0,
      "minf" : 6,
      "iodepth_level" : {
        "1" : 100.000000,
        "2" : 0.000000,
        "4" : 0.000000,
        "8" : 0.000000,
        "16" : 0.000000,
        "32" : 0.000000,
        ">=64" : 0.000000
      },
      "iodepth_submit" : {
        "0" : 0.000000,
        "4" : 100.000000,
        "8" : 0.000000,
        "16" : 0.000000,
        "32" : 0.000000,
        "64" : 0.000000,
        ">=64" : 0.000000
      },
      "iodepth_complete" : {
        "0" : 0.000000,
        "4" : 100.000000,
        "8" : 0.000000,
        "16" : 0.000000,
        "32" : 0.000000,
        "64" : 0.000000,
        ">=64" : 0.000000
      },
      "latency_ns" : {
        "2" : 0.000000,
        "4" : 0.000000,
        "10" : 0.000000,
        "20" : 0.000000,
        "50" : 0.000000,
        "100" : 0.000000,
        "250" : 0.000000,
        "500" : 0.000000,
        "750" : 0.000000,
        "1000" : 0.000000
      },
      "latency_us" : {
        "2" : 0.000000,
        "4" : 0.000000,
        "10" : 31.988487,
        "20" : 58.588104,
        "50" : 4.288139,
        "100" : 2.652664,
        "250" : 0.457230,
        "500" : 0.192566,
        "750" : 0.040665,
        "1000" : 0.047989
      },
      "latency_ms" : {
        "2" : 0.338364,
        "4" : 0.870667,
        "10" : 0.472260,
        "20" : 0.052452,
        "50" : 0.010000,
        "100" : 0.010000,
        "250" : 0.010000,
        "500" : 0.000000,
        "750" : 0.000000,
        "1000" : 0.000000,
        "2000" : 0.000000,
        ">=2000" : 0.000000
      },
      "latency_depth" : 1,
      "latency_target" : 0,
      "latency_percentile" : 100.000000,
      "latency_window" : 0
    }
  ]
}
