{
  "fio version" : "fio-3.41",
  "timestamp" : 1776428539,
  "timestamp_ms" : 1776428539268,
  "time" : "Fri Apr 17 08:22:19 2026",
  "jobs" : [
    {
      "jobname" : "text_10_read",
      "groupid" : 0,
      "job_start" : 1776427392869,
      "error" : 0,
      "eta" : 0,
      "elapsed" : 1147,
      "job options" : {
        "name" : "text_10_read",
        "filename" : "test10.junk",
        "size" : "10gb",
        "rw" : "read"
      },
      "read" : {
        "io_bytes" : 10737418240,
        "io_kbytes" : 10485760,
        "bw_bytes" : 9364833,
        "bw" : 9145,
        "iops" : 2286.336266,
        "runtime" : 1146568,
        "total_ios" : 2621440,
        "short_ios" : 0,
        "drop_ios" : 0,
        "slat_ns" : {
          "min" : 0,
          "max" : 0,
          "mean" : 0.000000,
          "stddev" : 0.000000,
          "N" : 0
        },
        "clat_ns" : {
          "min" : 749,
          "max" : 1428996531,
          "mean" : 436619.110805,
          "stddev" : 4434065.090926,
          "N" : 2621440,
          "percentile" : {
            "1.000000" : 2160,
            "5.000000" : 2192,
            "10.000000" : 2288,
            "20.000000" : 2384,
            "30.000000" : 2480,
            "40.000000" : 2608,
            "50.000000" : 2672,
            "60.000000" : 2800,
            "70.000000" : 2928,
            "80.000000" : 2960,
            "90.000000" : 3088,
            "95.000000" : 3664,
            "99.000000" : 7634944,
            "99.500000" : 45875200,
            "99.900000" : 51642368,
            "99.950000" : 54263808,
            "99.990000" : 65273856
          }
        },
        "lat_ns" : {
          "min" : 773,
          "max" : 1428996622,
          "mean" : 436713.235962,
          "stddev" : 4434063.938818,
          "N" : 2621440
        },
        "bw_min" : 990,
        "bw_max" : 10773,
        "bw_agg" : 100.000000,
        "bw_mean" : 9165.053735,
        "bw_dev" : 992.026216,
        "bw_samples" : 2289,
        "iops_min" : 247,
        "iops_max" : 2693,
        "iops_mean" : 2291.157274,
        "iops_stddev" : 248.009491,
        "iops_samples" : 2289
      },
      "write" : {
        "io_bytes" : 0,
        "io_kbytes" : 0,
        "bw_bytes" : 0,
        "bw" : 0,
        "iops" : 0.000000,
        "runtime" : 0,
        "total_ios" : 0,
        "short_ios" : 0,
        "drop_ios" : 0,
        "slat_ns" : {
          "min" : 0,
          "max" : 0,
          "mean" : 0.000000,
          "stddev" : 0.000000,
          "N" : 0
        },
        "clat_ns" : {
          "min" : 0,
          "max" : 0,
          "mean" : 0.000000,
          "stddev" : 0.000000,
          "N" : 0
        },
        "lat_ns" : {
          "min" : 0,
          "max" : 0,
          "mean" : 0.000000,
          "stddev" : 0.000000,
          "N" : 0
        },
        "bw_min" : 0,
        "bw_max" : 0,
        "bw_agg" : 0.000000,
        "bw_mean" : 0.000000,
        "bw_dev" : 0.000000,
        "bw_samples" : 0,
        "iops_min" : 0,
        "iops_max" : 0,
        "iops_mean" : 0.000000,
        "iops_stddev" : 0.000000,
        "iops_samples" : 0
      },
      "trim" : {
        "io_bytes" : 0,
        "io_kbytes" : 0,
        "bw_bytes" : 0,
        "bw" : 0,
        "iops" : 0.000000,
        "runtime" : 0,
        "total_ios" : 0,
        "short_ios" : 0,
        "drop_ios" : 0,
        "slat_ns" : {
          "min" : 0,
          "max" : 0,
          "mean" : 0.000000,
          "stddev" : 0.000000,
          "N" : 0
        },
        "clat_ns" : {
          "min" : 0,
          "max" : 0,
          "mean" : 0.000000,
          "stddev" : 0.000000,
          "N" : 0
        },
        "lat_ns" : {
          "min" : 0,
          "max" : 0,
          "mean" : 0.000000,
          "stddev" : 0.000000,
          "N" : 0
        },
        "bw_min" : 0,
        "bw_max" : 0,
        "bw_agg" : 0.000000,
        "bw_mean" : 0.000000,
        "bw_dev" : 0.000000,
        "bw_samples" : 0,
        "iops_min" : 0,
        "iops_max" : 0,
        "iops_mean" : 0.000000,
        "iops_stddev" : 0.000000,
        "iops_samples" : 0
      },
      "sync" : {
        "total_ios" : 0,
        "lat_ns" : {
          "min" : 0,
          "max" : 0,
          "mean" : 0.000000,
          "stddev" : 0.000000,
          "N" : 0
        }
      },
      "job_runtime" : 1146567,
      "usr_cpu" : 0.418903,
      "sys_cpu" : 1.095270,
      "ctx" : 43294,
      "majf" : 1,
      "minf" : 10,
      "iodepth_level" : {
        "1" : 100.000000,
        "2" : 0.000000,
        "4" : 0.000000,
        "8" : 0.000000,
        "16" : 0.000000,
        "32" : 0.000000,
        ">=64" : 0.000000
      },
      "iodepth_submit" : {
        "0" : 0.000000,
        "4" : 100.000000,
        "8" : 0.000000,
        "16" : 0.000000,
        "32" : 0.000000,
        "64" : 0.000000,
        ">=64" : 0.000000
      },
      "iodepth_complete" : {
        "0" : 0.000000,
        "4" : 100.000000,
        "8" : 0.000000,
        "16" : 0.000000,
        "32" : 0.000000,
        "64" : 0.000000,
        ">=64" : 0.000000
      },
      "latency_ns" : {
        "2" : 0.000000,
        "4" : 0.000000,
        "10" : 0.000000,
        "20" : 0.000000,
        "50" : 0.000000,
        "100" : 0.000000,
        "250" : 0.000000,
        "500" : 0.000000,
        "750" : 0.010000,
        "1000" : 0.032082
      },
      "latency_us" : {
        "2" : 0.130806,
        "4" : 95.422516,
        "10" : 2.463760,
        "20" : 0.081367,
        "50" : 0.252724,
        "100" : 0.015335,
        "250" : 0.037193,
        "500" : 0.010000,
        "750" : 0.010000,
        "1000" : 0.010000
      },
      "latency_ms" : {
        "2" : 0.010000,
        "4" : 0.012665,
        "10" : 0.669365,
        "20" : 0.070038,
        "50" : 0.620689,
        "100" : 0.186462,
        "250" : 0.010000,
        "500" : 0.010000,
        "750" : 0.010000,
        "1000" : 0.000000,
        "2000" : 0.010000,
        ">=2000" : 0.000000
      },
      "latency_depth" : 1,
      "latency_target" : 0,
      "latency_percentile" : 100.000000,
      "latency_window" : 0
    }
  ]
}
