{
  "fio version" : "fio-3.41",
  "timestamp" : 1774636495,
  "timestamp_ms" : 1774636495924,
  "time" : "Fri Mar 27 14:34:55 2026",
  "jobs" : [
    {
      "jobname" : "text_9_read",
      "groupid" : 0,
      "job_start" : 1774635460525,
      "error" : 0,
      "eta" : 0,
      "elapsed" : 1036,
      "job options" : {
        "name" : "text_9_read",
        "filename" : "test9.junk",
        "size" : "10gb",
        "rw" : "read"
      },
      "read" : {
        "io_bytes" : 10737418240,
        "io_kbytes" : 10485760,
        "bw_bytes" : 10371621,
        "bw" : 10128,
        "iops" : 2532.134160,
        "runtime" : 1035269,
        "total_ios" : 2621440,
        "short_ios" : 0,
        "drop_ios" : 0,
        "slat_ns" : {
          "min" : 0,
          "max" : 0,
          "mean" : 0.000000,
          "stddev" : 0.000000,
          "N" : 0
        },
        "clat_ns" : {
          "min" : 235,
          "max" : 370439217,
          "mean" : 394470.738727,
          "stddev" : 4129595.688785,
          "N" : 2621440,
          "percentile" : {
            "1.000000" : 282,
            "5.000000" : 286,
            "10.000000" : 294,
            "20.000000" : 406,
            "30.000000" : 772,
            "40.000000" : 996,
            "50.000000" : 1128,
            "60.000000" : 1272,
            "70.000000" : 1384,
            "80.000000" : 1544,
            "90.000000" : 1848,
            "95.000000" : 2288,
            "99.000000" : 4685824,
            "99.500000" : 44826624,
            "99.900000" : 50069504,
            "99.950000" : 52166656,
            "99.990000" : 60555264
          }
        },
        "lat_ns" : {
          "min" : 252,
          "max" : 370439234,
          "mean" : 394527.463847,
          "stddev" : 4129594.545220,
          "N" : 2621440
        },
        "bw_min" : 3078,
        "bw_max" : 11286,
        "bw_agg" : 100.000000,
        "bw_mean" : 10134.244444,
        "bw_dev" : 735.423684,
        "bw_samples" : 2070,
        "iops_min" : 769,
        "iops_max" : 2821,
        "iops_mean" : 2533.519807,
        "iops_stddev" : 183.877214,
        "iops_samples" : 2070
      },
      "write" : {
        "io_bytes" : 0,
        "io_kbytes" : 0,
        "bw_bytes" : 0,
        "bw" : 0,
        "iops" : 0.000000,
        "runtime" : 0,
        "total_ios" : 0,
        "short_ios" : 0,
        "drop_ios" : 0,
        "slat_ns" : {
          "min" : 0,
          "max" : 0,
          "mean" : 0.000000,
          "stddev" : 0.000000,
          "N" : 0
        },
        "clat_ns" : {
          "min" : 0,
          "max" : 0,
          "mean" : 0.000000,
          "stddev" : 0.000000,
          "N" : 0
        },
        "lat_ns" : {
          "min" : 0,
          "max" : 0,
          "mean" : 0.000000,
          "stddev" : 0.000000,
          "N" : 0
        },
        "bw_min" : 0,
        "bw_max" : 0,
        "bw_agg" : 0.000000,
        "bw_mean" : 0.000000,
        "bw_dev" : 0.000000,
        "bw_samples" : 0,
        "iops_min" : 0,
        "iops_max" : 0,
        "iops_mean" : 0.000000,
        "iops_stddev" : 0.000000,
        "iops_samples" : 0
      },
      "trim" : {
        "io_bytes" : 0,
        "io_kbytes" : 0,
        "bw_bytes" : 0,
        "bw" : 0,
        "iops" : 0.000000,
        "runtime" : 0,
        "total_ios" : 0,
        "short_ios" : 0,
        "drop_ios" : 0,
        "slat_ns" : {
          "min" : 0,
          "max" : 0,
          "mean" : 0.000000,
          "stddev" : 0.000000,
          "N" : 0
        },
        "clat_ns" : {
          "min" : 0,
          "max" : 0,
          "mean" : 0.000000,
          "stddev" : 0.000000,
          "N" : 0
        },
        "lat_ns" : {
          "min" : 0,
          "max" : 0,
          "mean" : 0.000000,
          "stddev" : 0.000000,
          "N" : 0
        },
        "bw_min" : 0,
        "bw_max" : 0,
        "bw_agg" : 0.000000,
        "bw_mean" : 0.000000,
        "bw_dev" : 0.000000,
        "bw_samples" : 0,
        "iops_min" : 0,
        "iops_max" : 0,
        "iops_mean" : 0.000000,
        "iops_stddev" : 0.000000,
        "iops_samples" : 0
      },
      "sync" : {
        "total_ios" : 0,
        "lat_ns" : {
          "min" : 0,
          "max" : 0,
          "mean" : 0.000000,
          "stddev" : 0.000000,
          "N" : 0
        }
      },
      "job_runtime" : 1035268,
      "usr_cpu" : 0.184976,
      "sys_cpu" : 0.740291,
      "ctx" : 42628,
      "majf" : 0,
      "minf" : 10,
      "iodepth_level" : {
        "1" : 100.000000,
        "2" : 0.000000,
        "4" : 0.000000,
        "8" : 0.000000,
        "16" : 0.000000,
        "32" : 0.000000,
        ">=64" : 0.000000
      },
      "iodepth_submit" : {
        "0" : 0.000000,
        "4" : 100.000000,
        "8" : 0.000000,
        "16" : 0.000000,
        "32" : 0.000000,
        "64" : 0.000000,
        ">=64" : 0.000000
      },
      "iodepth_complete" : {
        "0" : 0.000000,
        "4" : 100.000000,
        "8" : 0.000000,
        "16" : 0.000000,
        "32" : 0.000000,
        "64" : 0.000000,
        ">=64" : 0.000000
      },
      "latency_ns" : {
        "2" : 0.000000,
        "4" : 0.000000,
        "10" : 0.000000,
        "20" : 0.000000,
        "50" : 0.000000,
        "100" : 0.000000,
        "250" : 0.056152,
        "500" : 23.390541,
        "750" : 6.013756,
        "1000" : 10.796776
      },
      "latency_us" : {
        "2" : 52.579498,
        "4" : 4.460716,
        "10" : 0.981560,
        "20" : 0.053825,
        "50" : 0.063438,
        "100" : 0.010000,
        "250" : 0.035515,
        "500" : 0.018234,
        "750" : 0.015221,
        "1000" : 0.017433
      },
      "latency_ms" : {
        "2" : 0.112953,
        "4" : 0.323486,
        "10" : 0.237579,
        "20" : 0.037842,
        "50" : 0.689316,
        "100" : 0.106812,
        "250" : 0.010000,
        "500" : 0.010000,
        "750" : 0.000000,
        "1000" : 0.000000,
        "2000" : 0.000000,
        ">=2000" : 0.000000
      },
      "latency_depth" : 1,
      "latency_target" : 0,
      "latency_percentile" : 100.000000,
      "latency_window" : 0
    }
  ]
}
