{
  "fio version" : "fio-3.41",
  "timestamp" : 1776356969,
  "timestamp_ms" : 1776356969166,
  "time" : "Thu Apr 16 12:29:29 2026",
  "jobs" : [
    {
      "jobname" : "text_8_read",
      "groupid" : 0,
      "job_start" : 1776355499518,
      "error" : 0,
      "eta" : 0,
      "elapsed" : 1470,
      "job options" : {
        "name" : "text_8_read",
        "filename" : "test8.junk",
        "size" : "10gb",
        "rw" : "read"
      },
      "read" : {
        "io_bytes" : 10737418240,
        "io_kbytes" : 10485760,
        "bw_bytes" : 7306234,
        "bw" : 7134,
        "iops" : 1783.748768,
        "runtime" : 1469624,
        "total_ios" : 2621440,
        "short_ios" : 0,
        "drop_ios" : 0,
        "slat_ns" : {
          "min" : 0,
          "max" : 0,
          "mean" : 0.000000,
          "stddev" : 0.000000,
          "N" : 0
        },
        "clat_ns" : {
          "min" : 738,
          "max" : 765826185,
          "mean" : 559841.115662,
          "stddev" : 6064065.208860,
          "N" : 2621440,
          "percentile" : {
            "1.000000" : 916,
            "5.000000" : 1192,
            "10.000000" : 1976,
            "20.000000" : 2384,
            "30.000000" : 2480,
            "40.000000" : 2640,
            "50.000000" : 2768,
            "60.000000" : 2928,
            "70.000000" : 3024,
            "80.000000" : 3216,
            "90.000000" : 3504,
            "95.000000" : 4320,
            "99.000000" : 20054016,
            "99.500000" : 46923776,
            "99.900000" : 69730304,
            "99.950000" : 106430464,
            "99.990000" : 183500800
          }
        },
        "lat_ns" : {
          "min" : 763,
          "max" : 765826259,
          "mean" : 559939.364511,
          "stddev" : 6064063.954268,
          "N" : 2621440
        },
        "bw_min" : 512,
        "bw_max" : 10773,
        "bw_agg" : 100.000000,
        "bw_mean" : 7143.119891,
        "bw_dev" : 2844.919352,
        "bw_samples" : 2936,
        "iops_min" : 128,
        "iops_max" : 2693,
        "iops_mean" : 1785.681540,
        "iops_stddev" : 711.228841,
        "iops_samples" : 2936
      },
      "write" : {
        "io_bytes" : 0,
        "io_kbytes" : 0,
        "bw_bytes" : 0,
        "bw" : 0,
        "iops" : 0.000000,
        "runtime" : 0,
        "total_ios" : 0,
        "short_ios" : 0,
        "drop_ios" : 0,
        "slat_ns" : {
          "min" : 0,
          "max" : 0,
          "mean" : 0.000000,
          "stddev" : 0.000000,
          "N" : 0
        },
        "clat_ns" : {
          "min" : 0,
          "max" : 0,
          "mean" : 0.000000,
          "stddev" : 0.000000,
          "N" : 0
        },
        "lat_ns" : {
          "min" : 0,
          "max" : 0,
          "mean" : 0.000000,
          "stddev" : 0.000000,
          "N" : 0
        },
        "bw_min" : 0,
        "bw_max" : 0,
        "bw_agg" : 0.000000,
        "bw_mean" : 0.000000,
        "bw_dev" : 0.000000,
        "bw_samples" : 0,
        "iops_min" : 0,
        "iops_max" : 0,
        "iops_mean" : 0.000000,
        "iops_stddev" : 0.000000,
        "iops_samples" : 0
      },
      "trim" : {
        "io_bytes" : 0,
        "io_kbytes" : 0,
        "bw_bytes" : 0,
        "bw" : 0,
        "iops" : 0.000000,
        "runtime" : 0,
        "total_ios" : 0,
        "short_ios" : 0,
        "drop_ios" : 0,
        "slat_ns" : {
          "min" : 0,
          "max" : 0,
          "mean" : 0.000000,
          "stddev" : 0.000000,
          "N" : 0
        },
        "clat_ns" : {
          "min" : 0,
          "max" : 0,
          "mean" : 0.000000,
          "stddev" : 0.000000,
          "N" : 0
        },
        "lat_ns" : {
          "min" : 0,
          "max" : 0,
          "mean" : 0.000000,
          "stddev" : 0.000000,
          "N" : 0
        },
        "bw_min" : 0,
        "bw_max" : 0,
        "bw_agg" : 0.000000,
        "bw_mean" : 0.000000,
        "bw_dev" : 0.000000,
        "bw_samples" : 0,
        "iops_min" : 0,
        "iops_max" : 0,
        "iops_mean" : 0.000000,
        "iops_stddev" : 0.000000,
        "iops_samples" : 0
      },
      "sync" : {
        "total_ios" : 0,
        "lat_ns" : {
          "min" : 0,
          "max" : 0,
          "mean" : 0.000000,
          "stddev" : 0.000000,
          "N" : 0
        }
      },
      "job_runtime" : 1469623,
      "usr_cpu" : 0.331582,
      "sys_cpu" : 0.855662,
      "ctx" : 43959,
      "majf" : 0,
      "minf" : 13,
      "iodepth_level" : {
        "1" : 100.000000,
        "2" : 0.000000,
        "4" : 0.000000,
        "8" : 0.000000,
        "16" : 0.000000,
        "32" : 0.000000,
        ">=64" : 0.000000
      },
      "iodepth_submit" : {
        "0" : 0.000000,
        "4" : 100.000000,
        "8" : 0.000000,
        "16" : 0.000000,
        "32" : 0.000000,
        "64" : 0.000000,
        ">=64" : 0.000000
      },
      "iodepth_complete" : {
        "0" : 0.000000,
        "4" : 100.000000,
        "8" : 0.000000,
        "16" : 0.000000,
        "32" : 0.000000,
        "64" : 0.000000,
        ">=64" : 0.000000
      },
      "latency_ns" : {
        "2" : 0.000000,
        "4" : 0.000000,
        "10" : 0.000000,
        "20" : 0.000000,
        "50" : 0.000000,
        "100" : 0.000000,
        "250" : 0.000000,
        "500" : 0.000000,
        "750" : 0.010000,
        "1000" : 1.965675
      },
      "latency_us" : {
        "2" : 8.148003,
        "4" : 83.550262,
        "10" : 4.325523,
        "20" : 0.102234,
        "50" : 0.270576,
        "100" : 0.020103,
        "250" : 0.048523,
        "500" : 0.010000,
        "750" : 0.010000,
        "1000" : 0.010000
      },
      "latency_ms" : {
        "2" : 0.010000,
        "4" : 0.010000,
        "10" : 0.471344,
        "20" : 0.083008,
        "50" : 0.694847,
        "100" : 0.247765,
        "250" : 0.053291,
        "500" : 0.010000,
        "750" : 0.010000,
        "1000" : 0.010000,
        "2000" : 0.000000,
        ">=2000" : 0.000000
      },
      "latency_depth" : 1,
      "latency_target" : 0,
      "latency_percentile" : 100.000000,
      "latency_window" : 0
    }
  ]
}
