{
  "fio version" : "fio-3.39",
  "timestamp" : 1775231826,
  "timestamp_ms" : 1775231826479,
  "time" : "Fri Apr  3 11:57:06 2026",
  "jobs" : [
    {
      "jobname" : "test_7_write",
      "groupid" : 0,
      "job_start" : 1775231115269,
      "error" : 0,
      "eta" : 0,
      "elapsed" : 712,
      "job options" : {
        "name" : "test_7_write",
        "filename" : "test7.junk",
        "size" : "10gb",
        "rw" : "write"
      },
      "read" : {
        "io_bytes" : 0,
        "io_kbytes" : 0,
        "bw_bytes" : 0,
        "bw" : 0,
        "iops" : 0.000000,
        "runtime" : 0,
        "total_ios" : 0,
        "short_ios" : 0,
        "drop_ios" : 0,
        "slat_ns" : {
          "min" : 0,
          "max" : 0,
          "mean" : 0.000000,
          "stddev" : 0.000000,
          "N" : 0
        },
        "clat_ns" : {
          "min" : 0,
          "max" : 0,
          "mean" : 0.000000,
          "stddev" : 0.000000,
          "N" : 0
        },
        "lat_ns" : {
          "min" : 0,
          "max" : 0,
          "mean" : 0.000000,
          "stddev" : 0.000000,
          "N" : 0
        },
        "bw_min" : 0,
        "bw_max" : 0,
        "bw_agg" : 0.000000,
        "bw_mean" : 0.000000,
        "bw_dev" : 0.000000,
        "bw_samples" : 0,
        "iops_min" : 0,
        "iops_max" : 0,
        "iops_mean" : 0.000000,
        "iops_stddev" : 0.000000,
        "iops_samples" : 0
      },
      "write" : {
        "io_bytes" : 10737418240,
        "io_kbytes" : 10485760,
        "bw_bytes" : 15104297,
        "bw" : 14750,
        "iops" : 3687.572533,
        "runtime" : 710885,
        "total_ios" : 2621440,
        "short_ios" : 0,
        "drop_ios" : 0,
        "slat_ns" : {
          "min" : 0,
          "max" : 0,
          "mean" : 0.000000,
          "stddev" : 0.000000,
          "N" : 0
        },
        "clat_ns" : {
          "min" : 12070,
          "max" : 1312875313,
          "mean" : 269638.345368,
          "stddev" : 2660543.223779,
          "N" : 2621440,
          "percentile" : {
            "1.000000" : 13248,
            "5.000000" : 15552,
            "10.000000" : 16512,
            "20.000000" : 17280,
            "30.000000" : 19840,
            "40.000000" : 21888,
            "50.000000" : 23424,
            "60.000000" : 24192,
            "70.000000" : 28544,
            "80.000000" : 51968,
            "90.000000" : 75264,
            "95.000000" : 103936,
            "99.000000" : 8847360,
            "99.500000" : 12779520,
            "99.900000" : 23724032,
            "99.950000" : 31326208,
            "99.990000" : 66846720
          }
        },
        "lat_ns" : {
          "min" : 12146,
          "max" : 1312875729,
          "mean" : 269851.013778,
          "stddev" : 2660538.946431,
          "N" : 2621440
        },
        "bw_min" : 200,
        "bw_max" : 18672,
        "bw_agg" : 100.000000,
        "bw_mean" : 14817.245230,
        "bw_dev" : 3080.832673,
        "bw_samples" : 1415,
        "iops_min" : 50,
        "iops_max" : 4668,
        "iops_mean" : 3704.305300,
        "iops_stddev" : 770.209406,
        "iops_samples" : 1415
      },
      "trim" : {
        "io_bytes" : 0,
        "io_kbytes" : 0,
        "bw_bytes" : 0,
        "bw" : 0,
        "iops" : 0.000000,
        "runtime" : 0,
        "total_ios" : 0,
        "short_ios" : 0,
        "drop_ios" : 0,
        "slat_ns" : {
          "min" : 0,
          "max" : 0,
          "mean" : 0.000000,
          "stddev" : 0.000000,
          "N" : 0
        },
        "clat_ns" : {
          "min" : 0,
          "max" : 0,
          "mean" : 0.000000,
          "stddev" : 0.000000,
          "N" : 0
        },
        "lat_ns" : {
          "min" : 0,
          "max" : 0,
          "mean" : 0.000000,
          "stddev" : 0.000000,
          "N" : 0
        },
        "bw_min" : 0,
        "bw_max" : 0,
        "bw_agg" : 0.000000,
        "bw_mean" : 0.000000,
        "bw_dev" : 0.000000,
        "bw_samples" : 0,
        "iops_min" : 0,
        "iops_max" : 0,
        "iops_mean" : 0.000000,
        "iops_stddev" : 0.000000,
        "iops_samples" : 0
      },
      "sync" : {
        "total_ios" : 0,
        "lat_ns" : {
          "min" : 0,
          "max" : 0,
          "mean" : 0.000000,
          "stddev" : 0.000000,
          "N" : 0
        }
      },
      "job_runtime" : 710884,
      "usr_cpu" : 1.471970,
      "sys_cpu" : 3.485379,
      "ctx" : 2634849,
      "majf" : 0,
      "minf" : 12,
      "iodepth_level" : {
        "1" : 100.000000,
        "2" : 0.000000,
        "4" : 0.000000,
        "8" : 0.000000,
        "16" : 0.000000,
        "32" : 0.000000,
        ">=64" : 0.000000
      },
      "iodepth_submit" : {
        "0" : 0.000000,
        "4" : 100.000000,
        "8" : 0.000000,
        "16" : 0.000000,
        "32" : 0.000000,
        "64" : 0.000000,
        ">=64" : 0.000000
      },
      "iodepth_complete" : {
        "0" : 0.000000,
        "4" : 100.000000,
        "8" : 0.000000,
        "16" : 0.000000,
        "32" : 0.000000,
        "64" : 0.000000,
        ">=64" : 0.000000
      },
      "latency_ns" : {
        "2" : 0.000000,
        "4" : 0.000000,
        "10" : 0.000000,
        "20" : 0.000000,
        "50" : 0.000000,
        "100" : 0.000000,
        "250" : 0.000000,
        "500" : 0.000000,
        "750" : 0.000000,
        "1000" : 0.000000
      },
      "latency_us" : {
        "2" : 0.000000,
        "4" : 0.000000,
        "10" : 0.000000,
        "20" : 31.548538,
        "50" : 47.170486,
        "100" : 15.949211,
        "250" : 2.700081,
        "500" : 0.115585,
        "750" : 0.040436,
        "1000" : 0.031967
      },
      "latency_ms" : {
        "2" : 0.104599,
        "4" : 0.364227,
        "10" : 1.158218,
        "20" : 0.660248,
        "50" : 0.140038,
        "100" : 0.011482,
        "250" : 0.010000,
        "500" : 0.010000,
        "750" : 0.010000,
        "1000" : 0.010000,
        "2000" : 0.010000,
        ">=2000" : 0.000000
      },
      "latency_depth" : 1,
      "latency_target" : 0,
      "latency_percentile" : 100.000000,
      "latency_window" : 0
    }
  ]
}
