{
  "fio version" : "fio-3.41",
  "timestamp" : 1776180697,
  "timestamp_ms" : 1776180697483,
  "time" : "Tue Apr 14 11:31:37 2026",
  "jobs" : [
    {
      "jobname" : "test_1_write",
      "groupid" : 0,
      "job_start" : 1776180258820,
      "error" : 0,
      "eta" : 0,
      "elapsed" : 439,
      "job options" : {
        "name" : "test_1_write",
        "filename" : "test1.junk",
        "size" : "10gb",
        "rw" : "write"
      },
      "read" : {
        "io_bytes" : 0,
        "io_kbytes" : 0,
        "bw_bytes" : 0,
        "bw" : 0,
        "iops" : 0.000000,
        "runtime" : 0,
        "total_ios" : 0,
        "short_ios" : 0,
        "drop_ios" : 0,
        "slat_ns" : {
          "min" : 0,
          "max" : 0,
          "mean" : 0.000000,
          "stddev" : 0.000000,
          "N" : 0
        },
        "clat_ns" : {
          "min" : 0,
          "max" : 0,
          "mean" : 0.000000,
          "stddev" : 0.000000,
          "N" : 0
        },
        "lat_ns" : {
          "min" : 0,
          "max" : 0,
          "mean" : 0.000000,
          "stddev" : 0.000000,
          "N" : 0
        },
        "bw_min" : 0,
        "bw_max" : 0,
        "bw_agg" : 0.000000,
        "bw_mean" : 0.000000,
        "bw_dev" : 0.000000,
        "bw_samples" : 0,
        "iops_min" : 0,
        "iops_max" : 0,
        "iops_mean" : 0.000000,
        "iops_stddev" : 0.000000,
        "iops_samples" : 0
      },
      "write" : {
        "io_bytes" : 10737418240,
        "io_kbytes" : 10485760,
        "bw_bytes" : 24489046,
        "bw" : 23915,
        "iops" : 5978.771057,
        "runtime" : 438458,
        "total_ios" : 2621440,
        "short_ios" : 0,
        "drop_ios" : 0,
        "slat_ns" : {
          "min" : 0,
          "max" : 0,
          "mean" : 0.000000,
          "stddev" : 0.000000,
          "N" : 0
        },
        "clat_ns" : {
          "min" : 10622,
          "max" : 203962878,
          "mean" : 164945.457413,
          "stddev" : 1142675.959903,
          "N" : 2621440,
          "percentile" : {
            "1.000000" : 12736,
            "5.000000" : 23168,
            "10.000000" : 30080,
            "20.000000" : 39168,
            "30.000000" : 44288,
            "40.000000" : 48896,
            "50.000000" : 55040,
            "60.000000" : 62208,
            "70.000000" : 75264,
            "80.000000" : 105984,
            "90.000000" : 152576,
            "95.000000" : 189440,
            "99.000000" : 2637824,
            "99.500000" : 6062080,
            "99.900000" : 18743296,
            "99.950000" : 22151168,
            "99.990000" : 26869760
          }
        },
        "lat_ns" : {
          "min" : 10671,
          "max" : 203963723,
          "mean" : 165299.284959,
          "stddev" : 1142695.829867,
          "N" : 2621440
        },
        "bw_min" : 504,
        "bw_max" : 34920,
        "bw_agg" : 100.000000,
        "bw_mean" : 23929.682648,
        "bw_dev" : 13756.867895,
        "bw_samples" : 876,
        "iops_min" : 126,
        "iops_max" : 8730,
        "iops_mean" : 5982.384703,
        "iops_stddev" : 3439.196475,
        "iops_samples" : 876
      },
      "trim" : {
        "io_bytes" : 0,
        "io_kbytes" : 0,
        "bw_bytes" : 0,
        "bw" : 0,
        "iops" : 0.000000,
        "runtime" : 0,
        "total_ios" : 0,
        "short_ios" : 0,
        "drop_ios" : 0,
        "slat_ns" : {
          "min" : 0,
          "max" : 0,
          "mean" : 0.000000,
          "stddev" : 0.000000,
          "N" : 0
        },
        "clat_ns" : {
          "min" : 0,
          "max" : 0,
          "mean" : 0.000000,
          "stddev" : 0.000000,
          "N" : 0
        },
        "lat_ns" : {
          "min" : 0,
          "max" : 0,
          "mean" : 0.000000,
          "stddev" : 0.000000,
          "N" : 0
        },
        "bw_min" : 0,
        "bw_max" : 0,
        "bw_agg" : 0.000000,
        "bw_mean" : 0.000000,
        "bw_dev" : 0.000000,
        "bw_samples" : 0,
        "iops_min" : 0,
        "iops_max" : 0,
        "iops_mean" : 0.000000,
        "iops_stddev" : 0.000000,
        "iops_samples" : 0
      },
      "sync" : {
        "total_ios" : 0,
        "lat_ns" : {
          "min" : 0,
          "max" : 0,
          "mean" : 0.000000,
          "stddev" : 0.000000,
          "N" : 0
        }
      },
      "job_runtime" : 438457,
      "usr_cpu" : 3.055260,
      "sys_cpu" : 9.215043,
      "ctx" : 2621905,
      "majf" : 0,
      "minf" : 8,
      "iodepth_level" : {
        "1" : 100.000000,
        "2" : 0.000000,
        "4" : 0.000000,
        "8" : 0.000000,
        "16" : 0.000000,
        "32" : 0.000000,
        ">=64" : 0.000000
      },
      "iodepth_submit" : {
        "0" : 0.000000,
        "4" : 100.000000,
        "8" : 0.000000,
        "16" : 0.000000,
        "32" : 0.000000,
        "64" : 0.000000,
        ">=64" : 0.000000
      },
      "iodepth_complete" : {
        "0" : 0.000000,
        "4" : 100.000000,
        "8" : 0.000000,
        "16" : 0.000000,
        "32" : 0.000000,
        "64" : 0.000000,
        ">=64" : 0.000000
      },
      "latency_ns" : {
        "2" : 0.000000,
        "4" : 0.000000,
        "10" : 0.000000,
        "20" : 0.000000,
        "50" : 0.000000,
        "100" : 0.000000,
        "250" : 0.000000,
        "500" : 0.000000,
        "750" : 0.000000,
        "1000" : 0.000000
      },
      "latency_us" : {
        "2" : 0.000000,
        "4" : 0.000000,
        "10" : 0.000000,
        "20" : 3.707008,
        "50" : 37.781792,
        "100" : 37.009926,
        "250" : 19.736443,
        "500" : 0.268021,
        "750" : 0.074348,
        "1000" : 0.068283
      },
      "latency_ms" : {
        "2" : 0.223579,
        "4" : 0.384140,
        "10" : 0.452805,
        "20" : 0.212975,
        "50" : 0.079231,
        "100" : 0.010000,
        "250" : 0.010000,
        "500" : 0.000000,
        "750" : 0.000000,
        "1000" : 0.000000,
        "2000" : 0.000000,
        ">=2000" : 0.000000
      },
      "latency_depth" : 1,
      "latency_target" : 0,
      "latency_percentile" : 100.000000,
      "latency_window" : 0
    }
  ]
}
