{
  "fio version" : "fio-3.41",
  "timestamp" : 1776352128,
  "timestamp_ms" : 1776352128526,
  "time" : "Thu Apr 16 11:08:48 2026",
  "jobs" : [
    {
      "jobname" : "text_6_read",
      "groupid" : 0,
      "job_start" : 1776350719629,
      "error" : 0,
      "eta" : 0,
      "elapsed" : 1409,
      "job options" : {
        "name" : "text_6_read",
        "filename" : "test6.junk",
        "size" : "10gb",
        "rw" : "read"
      },
      "read" : {
        "io_bytes" : 10737418240,
        "io_kbytes" : 10485760,
        "bw_bytes" : 7621774,
        "bw" : 7443,
        "iops" : 1860.784706,
        "runtime" : 1408782,
        "total_ios" : 2621440,
        "short_ios" : 0,
        "drop_ios" : 0,
        "slat_ns" : {
          "min" : 0,
          "max" : 0,
          "mean" : 0.000000,
          "stddev" : 0.000000,
          "N" : 0
        },
        "clat_ns" : {
          "min" : 741,
          "max" : 8319670038,
          "mean" : 536597.696554,
          "stddev" : 12000662.151751,
          "N" : 2621440,
          "percentile" : {
            "1.000000" : 860,
            "5.000000" : 1112,
            "10.000000" : 1576,
            "20.000000" : 2320,
            "30.000000" : 2416,
            "40.000000" : 2640,
            "50.000000" : 2896,
            "60.000000" : 2960,
            "70.000000" : 3024,
            "80.000000" : 3248,
            "90.000000" : 3856,
            "95.000000" : 4512,
            "99.000000" : 9764864,
            "99.500000" : 46923776,
            "99.900000" : 55312384,
            "99.950000" : 64225280,
            "99.990000" : 166723584
          }
        },
        "lat_ns" : {
          "min" : 762,
          "max" : 8319670105,
          "mean" : 536700.412396,
          "stddev" : 12000661.629235,
          "N" : 2621440
        },
        "bw_min" : 8,
        "bw_max" : 10752,
        "bw_agg" : 100.000000,
        "bw_mean" : 7854.198802,
        "bw_dev" : 2533.941899,
        "bw_samples" : 2671,
        "iops_min" : 2,
        "iops_max" : 2688,
        "iops_mean" : 1963.469487,
        "iops_stddev" : 633.485525,
        "iops_samples" : 2671
      },
      "write" : {
        "io_bytes" : 0,
        "io_kbytes" : 0,
        "bw_bytes" : 0,
        "bw" : 0,
        "iops" : 0.000000,
        "runtime" : 0,
        "total_ios" : 0,
        "short_ios" : 0,
        "drop_ios" : 0,
        "slat_ns" : {
          "min" : 0,
          "max" : 0,
          "mean" : 0.000000,
          "stddev" : 0.000000,
          "N" : 0
        },
        "clat_ns" : {
          "min" : 0,
          "max" : 0,
          "mean" : 0.000000,
          "stddev" : 0.000000,
          "N" : 0
        },
        "lat_ns" : {
          "min" : 0,
          "max" : 0,
          "mean" : 0.000000,
          "stddev" : 0.000000,
          "N" : 0
        },
        "bw_min" : 0,
        "bw_max" : 0,
        "bw_agg" : 0.000000,
        "bw_mean" : 0.000000,
        "bw_dev" : 0.000000,
        "bw_samples" : 0,
        "iops_min" : 0,
        "iops_max" : 0,
        "iops_mean" : 0.000000,
        "iops_stddev" : 0.000000,
        "iops_samples" : 0
      },
      "trim" : {
        "io_bytes" : 0,
        "io_kbytes" : 0,
        "bw_bytes" : 0,
        "bw" : 0,
        "iops" : 0.000000,
        "runtime" : 0,
        "total_ios" : 0,
        "short_ios" : 0,
        "drop_ios" : 0,
        "slat_ns" : {
          "min" : 0,
          "max" : 0,
          "mean" : 0.000000,
          "stddev" : 0.000000,
          "N" : 0
        },
        "clat_ns" : {
          "min" : 0,
          "max" : 0,
          "mean" : 0.000000,
          "stddev" : 0.000000,
          "N" : 0
        },
        "lat_ns" : {
          "min" : 0,
          "max" : 0,
          "mean" : 0.000000,
          "stddev" : 0.000000,
          "N" : 0
        },
        "bw_min" : 0,
        "bw_max" : 0,
        "bw_agg" : 0.000000,
        "bw_mean" : 0.000000,
        "bw_dev" : 0.000000,
        "bw_samples" : 0,
        "iops_min" : 0,
        "iops_max" : 0,
        "iops_mean" : 0.000000,
        "iops_stddev" : 0.000000,
        "iops_samples" : 0
      },
      "sync" : {
        "total_ios" : 0,
        "lat_ns" : {
          "min" : 0,
          "max" : 0,
          "mean" : 0.000000,
          "stddev" : 0.000000,
          "N" : 0
        }
      },
      "job_runtime" : 1408781,
      "usr_cpu" : 0.349522,
      "sys_cpu" : 0.890273,
      "ctx" : 44705,
      "majf" : 0,
      "minf" : 10,
      "iodepth_level" : {
        "1" : 100.000000,
        "2" : 0.000000,
        "4" : 0.000000,
        "8" : 0.000000,
        "16" : 0.000000,
        "32" : 0.000000,
        ">=64" : 0.000000
      },
      "iodepth_submit" : {
        "0" : 0.000000,
        "4" : 100.000000,
        "8" : 0.000000,
        "16" : 0.000000,
        "32" : 0.000000,
        "64" : 0.000000,
        ">=64" : 0.000000
      },
      "iodepth_complete" : {
        "0" : 0.000000,
        "4" : 100.000000,
        "8" : 0.000000,
        "16" : 0.000000,
        "32" : 0.000000,
        "64" : 0.000000,
        ">=64" : 0.000000
      },
      "latency_ns" : {
        "2" : 0.000000,
        "4" : 0.000000,
        "10" : 0.000000,
        "20" : 0.000000,
        "50" : 0.000000,
        "100" : 0.000000,
        "250" : 0.000000,
        "500" : 0.000000,
        "750" : 0.010000,
        "1000" : 2.887650
      },
      "latency_us" : {
        "2" : 9.521980,
        "4" : 79.250946,
        "10" : 6.247635,
        "20" : 0.124397,
        "50" : 0.319481,
        "100" : 0.028839,
        "250" : 0.045166,
        "500" : 0.010000,
        "750" : 0.010000,
        "1000" : 0.010000
      },
      "latency_ms" : {
        "2" : 0.010000,
        "4" : 0.011406,
        "10" : 0.557671,
        "20" : 0.101852,
        "50" : 0.590286,
        "100" : 0.277367,
        "250" : 0.016365,
        "500" : 0.010000,
        "750" : 0.010000,
        "1000" : 0.010000,
        "2000" : 0.010000,
        ">=2000" : 0.010000
      },
      "latency_depth" : 1,
      "latency_target" : 0,
      "latency_percentile" : 100.000000,
      "latency_window" : 0
    }
  ]
}
