{
  "fio version" : "fio-3.39",
  "timestamp" : 1775220735,
  "timestamp_ms" : 1775220735152,
  "time" : "Fri Apr  3 08:52:15 2026",
  "jobs" : [
    {
      "jobname" : "test_3_read",
      "groupid" : 0,
      "job_start" : 1775219424001,
      "error" : 0,
      "eta" : 0,
      "elapsed" : 1312,
      "job options" : {
        "name" : "test_3_read",
        "filename" : "test3.junk",
        "size" : "10gb",
        "rw" : "read"
      },
      "read" : {
        "io_bytes" : 10737418240,
        "io_kbytes" : 10485760,
        "bw_bytes" : 8190331,
        "bw" : 7998,
        "iops" : 1999.592673,
        "runtime" : 1310987,
        "total_ios" : 2621440,
        "short_ios" : 0,
        "drop_ios" : 0,
        "slat_ns" : {
          "min" : 0,
          "max" : 0,
          "mean" : 0.000000,
          "stddev" : 0.000000,
          "N" : 0
        },
        "clat_ns" : {
          "min" : 764,
          "max" : 248435931,
          "mean" : 499521.197399,
          "stddev" : 4756444.739010,
          "N" : 2621440,
          "percentile" : {
            "1.000000" : 956,
            "5.000000" : 972,
            "10.000000" : 972,
            "20.000000" : 988,
            "30.000000" : 1004,
            "40.000000" : 1020,
            "50.000000" : 1048,
            "60.000000" : 1144,
            "70.000000" : 3024,
            "80.000000" : 3120,
            "90.000000" : 3216,
            "95.000000" : 3920,
            "99.000000" : 13565952,
            "99.500000" : 49545216,
            "99.900000" : 57409536,
            "99.950000" : 60555264,
            "99.990000" : 80216064
          }
        },
        "lat_ns" : {
          "min" : 793,
          "max" : 248435963,
          "mean" : 499592.379548,
          "stddev" : 4756443.165508,
          "N" : 2621440
        },
        "bw_min" : 1536,
        "bw_max" : 10260,
        "bw_agg" : 100.000000,
        "bw_mean" : 8001.399084,
        "bw_dev" : 1010.789458,
        "bw_samples" : 2621,
        "iops_min" : 384,
        "iops_max" : 2565,
        "iops_mean" : 2000.312476,
        "iops_stddev" : 252.705811,
        "iops_samples" : 2621
      },
      "write" : {
        "io_bytes" : 0,
        "io_kbytes" : 0,
        "bw_bytes" : 0,
        "bw" : 0,
        "iops" : 0.000000,
        "runtime" : 0,
        "total_ios" : 0,
        "short_ios" : 0,
        "drop_ios" : 0,
        "slat_ns" : {
          "min" : 0,
          "max" : 0,
          "mean" : 0.000000,
          "stddev" : 0.000000,
          "N" : 0
        },
        "clat_ns" : {
          "min" : 0,
          "max" : 0,
          "mean" : 0.000000,
          "stddev" : 0.000000,
          "N" : 0
        },
        "lat_ns" : {
          "min" : 0,
          "max" : 0,
          "mean" : 0.000000,
          "stddev" : 0.000000,
          "N" : 0
        },
        "bw_min" : 0,
        "bw_max" : 0,
        "bw_agg" : 0.000000,
        "bw_mean" : 0.000000,
        "bw_dev" : 0.000000,
        "bw_samples" : 0,
        "iops_min" : 0,
        "iops_max" : 0,
        "iops_mean" : 0.000000,
        "iops_stddev" : 0.000000,
        "iops_samples" : 0
      },
      "trim" : {
        "io_bytes" : 0,
        "io_kbytes" : 0,
        "bw_bytes" : 0,
        "bw" : 0,
        "iops" : 0.000000,
        "runtime" : 0,
        "total_ios" : 0,
        "short_ios" : 0,
        "drop_ios" : 0,
        "slat_ns" : {
          "min" : 0,
          "max" : 0,
          "mean" : 0.000000,
          "stddev" : 0.000000,
          "N" : 0
        },
        "clat_ns" : {
          "min" : 0,
          "max" : 0,
          "mean" : 0.000000,
          "stddev" : 0.000000,
          "N" : 0
        },
        "lat_ns" : {
          "min" : 0,
          "max" : 0,
          "mean" : 0.000000,
          "stddev" : 0.000000,
          "N" : 0
        },
        "bw_min" : 0,
        "bw_max" : 0,
        "bw_agg" : 0.000000,
        "bw_mean" : 0.000000,
        "bw_dev" : 0.000000,
        "bw_samples" : 0,
        "iops_min" : 0,
        "iops_max" : 0,
        "iops_mean" : 0.000000,
        "iops_stddev" : 0.000000,
        "iops_samples" : 0
      },
      "sync" : {
        "total_ios" : 0,
        "lat_ns" : {
          "min" : 0,
          "max" : 0,
          "mean" : 0.000000,
          "stddev" : 0.000000,
          "N" : 0
        }
      },
      "job_runtime" : 1310986,
      "usr_cpu" : 0.288638,
      "sys_cpu" : 0.550578,
      "ctx" : 43262,
      "majf" : 0,
      "minf" : 10,
      "iodepth_level" : {
        "1" : 100.000000,
        "2" : 0.000000,
        "4" : 0.000000,
        "8" : 0.000000,
        "16" : 0.000000,
        "32" : 0.000000,
        ">=64" : 0.000000
      },
      "iodepth_submit" : {
        "0" : 0.000000,
        "4" : 100.000000,
        "8" : 0.000000,
        "16" : 0.000000,
        "32" : 0.000000,
        "64" : 0.000000,
        ">=64" : 0.000000
      },
      "iodepth_complete" : {
        "0" : 0.000000,
        "4" : 100.000000,
        "8" : 0.000000,
        "16" : 0.000000,
        "32" : 0.000000,
        "64" : 0.000000,
        ">=64" : 0.000000
      },
      "latency_ns" : {
        "2" : 0.000000,
        "4" : 0.000000,
        "10" : 0.000000,
        "20" : 0.000000,
        "50" : 0.000000,
        "100" : 0.000000,
        "250" : 0.000000,
        "500" : 0.000000,
        "750" : 0.000000,
        "1000" : 27.270737
      },
      "latency_us" : {
        "2" : 39.950142,
        "4" : 27.959824,
        "10" : 3.018532,
        "20" : 0.145836,
        "50" : 0.042915,
        "100" : 0.017853,
        "250" : 0.030670,
        "500" : 0.010000,
        "750" : 0.010000,
        "1000" : 0.000000
      },
      "latency_ms" : {
        "2" : 0.010000,
        "4" : 0.010000,
        "10" : 0.304604,
        "20" : 0.399895,
        "50" : 0.366631,
        "100" : 0.485611,
        "250" : 0.010000,
        "500" : 0.000000,
        "750" : 0.000000,
        "1000" : 0.000000,
        "2000" : 0.000000,
        ">=2000" : 0.000000
      },
      "latency_depth" : 1,
      "latency_target" : 0,
      "latency_percentile" : 100.000000,
      "latency_window" : 0
    }
  ]
}
