{
  "fio version" : "fio-3.39",
  "timestamp" : 1775224453,
  "timestamp_ms" : 1775224453824,
  "time" : "Fri Apr  3 09:54:13 2026",
  "jobs" : [
    {
      "jobname" : "test_4_read",
      "groupid" : 0,
      "job_start" : 1775223010675,
      "error" : 0,
      "eta" : 0,
      "elapsed" : 1444,
      "job options" : {
        "name" : "test_4_read",
        "filename" : "test4.junk",
        "size" : "10gb",
        "rw" : "read"
      },
      "read" : {
        "io_bytes" : 10737418240,
        "io_kbytes" : 10485760,
        "bw_bytes" : 7441595,
        "bw" : 7267,
        "iops" : 1816.795713,
        "runtime" : 1442892,
        "total_ios" : 2621440,
        "short_ios" : 0,
        "drop_ios" : 0,
        "slat_ns" : {
          "min" : 0,
          "max" : 0,
          "mean" : 0.000000,
          "stddev" : 0.000000,
          "N" : 0
        },
        "clat_ns" : {
          "min" : 761,
          "max" : 438361071,
          "mean" : 549839.229936,
          "stddev" : 4951479.199314,
          "N" : 2621440,
          "percentile" : {
            "1.000000" : 956,
            "5.000000" : 964,
            "10.000000" : 964,
            "20.000000" : 980,
            "30.000000" : 988,
            "40.000000" : 1004,
            "50.000000" : 1032,
            "60.000000" : 1096,
            "70.000000" : 2992,
            "80.000000" : 3056,
            "90.000000" : 3184,
            "95.000000" : 3824,
            "99.000000" : 23986176,
            "99.500000" : 43253760,
            "99.900000" : 63700992,
            "99.950000" : 69730304,
            "99.990000" : 93847552
          }
        },
        "lat_ns" : {
          "min" : 786,
          "max" : 438361103,
          "mean" : 549910.587144,
          "stddev" : 4951477.836038,
          "N" : 2621440
        },
        "bw_min" : 1504,
        "bw_max" : 9234,
        "bw_agg" : 100.000000,
        "bw_mean" : 7269.968458,
        "bw_dev" : 990.773646,
        "bw_samples" : 2885,
        "iops_min" : 376,
        "iops_max" : 2308,
        "iops_mean" : 1817.431196,
        "iops_stddev" : 247.699444,
        "iops_samples" : 2885
      },
      "write" : {
        "io_bytes" : 0,
        "io_kbytes" : 0,
        "bw_bytes" : 0,
        "bw" : 0,
        "iops" : 0.000000,
        "runtime" : 0,
        "total_ios" : 0,
        "short_ios" : 0,
        "drop_ios" : 0,
        "slat_ns" : {
          "min" : 0,
          "max" : 0,
          "mean" : 0.000000,
          "stddev" : 0.000000,
          "N" : 0
        },
        "clat_ns" : {
          "min" : 0,
          "max" : 0,
          "mean" : 0.000000,
          "stddev" : 0.000000,
          "N" : 0
        },
        "lat_ns" : {
          "min" : 0,
          "max" : 0,
          "mean" : 0.000000,
          "stddev" : 0.000000,
          "N" : 0
        },
        "bw_min" : 0,
        "bw_max" : 0,
        "bw_agg" : 0.000000,
        "bw_mean" : 0.000000,
        "bw_dev" : 0.000000,
        "bw_samples" : 0,
        "iops_min" : 0,
        "iops_max" : 0,
        "iops_mean" : 0.000000,
        "iops_stddev" : 0.000000,
        "iops_samples" : 0
      },
      "trim" : {
        "io_bytes" : 0,
        "io_kbytes" : 0,
        "bw_bytes" : 0,
        "bw" : 0,
        "iops" : 0.000000,
        "runtime" : 0,
        "total_ios" : 0,
        "short_ios" : 0,
        "drop_ios" : 0,
        "slat_ns" : {
          "min" : 0,
          "max" : 0,
          "mean" : 0.000000,
          "stddev" : 0.000000,
          "N" : 0
        },
        "clat_ns" : {
          "min" : 0,
          "max" : 0,
          "mean" : 0.000000,
          "stddev" : 0.000000,
          "N" : 0
        },
        "lat_ns" : {
          "min" : 0,
          "max" : 0,
          "mean" : 0.000000,
          "stddev" : 0.000000,
          "N" : 0
        },
        "bw_min" : 0,
        "bw_max" : 0,
        "bw_agg" : 0.000000,
        "bw_mean" : 0.000000,
        "bw_dev" : 0.000000,
        "bw_samples" : 0,
        "iops_min" : 0,
        "iops_max" : 0,
        "iops_mean" : 0.000000,
        "iops_stddev" : 0.000000,
        "iops_samples" : 0
      },
      "sync" : {
        "total_ios" : 0,
        "lat_ns" : {
          "min" : 0,
          "max" : 0,
          "mean" : 0.000000,
          "stddev" : 0.000000,
          "N" : 0
        }
      },
      "job_runtime" : 1442891,
      "usr_cpu" : 0.257331,
      "sys_cpu" : 0.508701,
      "ctx" : 43184,
      "majf" : 0,
      "minf" : 10,
      "iodepth_level" : {
        "1" : 100.000000,
        "2" : 0.000000,
        "4" : 0.000000,
        "8" : 0.000000,
        "16" : 0.000000,
        "32" : 0.000000,
        ">=64" : 0.000000
      },
      "iodepth_submit" : {
        "0" : 0.000000,
        "4" : 100.000000,
        "8" : 0.000000,
        "16" : 0.000000,
        "32" : 0.000000,
        "64" : 0.000000,
        ">=64" : 0.000000
      },
      "iodepth_complete" : {
        "0" : 0.000000,
        "4" : 100.000000,
        "8" : 0.000000,
        "16" : 0.000000,
        "32" : 0.000000,
        "64" : 0.000000,
        ">=64" : 0.000000
      },
      "latency_ns" : {
        "2" : 0.000000,
        "4" : 0.000000,
        "10" : 0.000000,
        "20" : 0.000000,
        "50" : 0.000000,
        "100" : 0.000000,
        "250" : 0.000000,
        "500" : 0.000000,
        "750" : 0.000000,
        "1000" : 35.475655
      },
      "latency_us" : {
        "2" : 30.697784,
        "4" : 29.252357,
        "10" : 2.780037,
        "20" : 0.139503,
        "50" : 0.038033,
        "100" : 0.017509,
        "250" : 0.036049,
        "500" : 0.010000,
        "750" : 0.010000,
        "1000" : 0.010000
      },
      "latency_ms" : {
        "2" : 0.000000,
        "4" : 0.000000,
        "10" : 0.010000,
        "20" : 0.397797,
        "50" : 0.811882,
        "100" : 0.337296,
        "250" : 0.010000,
        "500" : 0.010000,
        "750" : 0.000000,
        "1000" : 0.000000,
        "2000" : 0.000000,
        ">=2000" : 0.000000
      },
      "latency_depth" : 1,
      "latency_target" : 0,
      "latency_percentile" : 100.000000,
      "latency_window" : 0
    }
  ]
}
