{
  "fio version" : "fio-3.39",
  "timestamp" : 1775234243,
  "timestamp_ms" : 1775234243312,
  "time" : "Fri Apr  3 12:37:23 2026",
  "jobs" : [
    {
      "jobname" : "test_8_write",
      "groupid" : 0,
      "job_start" : 1775233580602,
      "error" : 0,
      "eta" : 0,
      "elapsed" : 663,
      "job options" : {
        "name" : "test_8_write",
        "filename" : "test8.junk",
        "size" : "10gb",
        "rw" : "write"
      },
      "read" : {
        "io_bytes" : 0,
        "io_kbytes" : 0,
        "bw_bytes" : 0,
        "bw" : 0,
        "iops" : 0.000000,
        "runtime" : 0,
        "total_ios" : 0,
        "short_ios" : 0,
        "drop_ios" : 0,
        "slat_ns" : {
          "min" : 0,
          "max" : 0,
          "mean" : 0.000000,
          "stddev" : 0.000000,
          "N" : 0
        },
        "clat_ns" : {
          "min" : 0,
          "max" : 0,
          "mean" : 0.000000,
          "stddev" : 0.000000,
          "N" : 0
        },
        "lat_ns" : {
          "min" : 0,
          "max" : 0,
          "mean" : 0.000000,
          "stddev" : 0.000000,
          "N" : 0
        },
        "bw_min" : 0,
        "bw_max" : 0,
        "bw_agg" : 0.000000,
        "bw_mean" : 0.000000,
        "bw_dev" : 0.000000,
        "bw_samples" : 0,
        "iops_min" : 0,
        "iops_max" : 0,
        "iops_mean" : 0.000000,
        "iops_stddev" : 0.000000,
        "iops_samples" : 0
      },
      "write" : {
        "io_bytes" : 10737418240,
        "io_kbytes" : 10485760,
        "bw_bytes" : 16207521,
        "bw" : 15827,
        "iops" : 3956.914457,
        "runtime" : 662496,
        "total_ios" : 2621440,
        "short_ios" : 0,
        "drop_ios" : 0,
        "slat_ns" : {
          "min" : 0,
          "max" : 0,
          "mean" : 0.000000,
          "stddev" : 0.000000,
          "N" : 0
        },
        "clat_ns" : {
          "min" : 13134,
          "max" : 142963718,
          "mean" : 250642.753531,
          "stddev" : 1798991.571557,
          "N" : 2621440,
          "percentile" : {
            "1.000000" : 14528,
            "5.000000" : 16768,
            "10.000000" : 17536,
            "20.000000" : 18048,
            "30.000000" : 20352,
            "40.000000" : 22144,
            "50.000000" : 23680,
            "60.000000" : 24704,
            "70.000000" : 28032,
            "80.000000" : 49408,
            "90.000000" : 76288,
            "95.000000" : 102912,
            "99.000000" : 8585216,
            "99.500000" : 12517376,
            "99.900000" : 22151168,
            "99.950000" : 27656192,
            "99.990000" : 46399488
          }
        },
        "lat_ns" : {
          "min" : 13234,
          "max" : 142963861,
          "mean" : 250902.477622,
          "stddev" : 1798985.024133,
          "N" : 2621440
        },
        "bw_min" : 6280,
        "bw_max" : 19312,
        "bw_agg" : 100.000000,
        "bw_mean" : 15832.626888,
        "bw_dev" : 1800.189028,
        "bw_samples" : 1324,
        "iops_min" : 1570,
        "iops_max" : 4828,
        "iops_mean" : 3958.157855,
        "iops_stddev" : 450.046740,
        "iops_samples" : 1324
      },
      "trim" : {
        "io_bytes" : 0,
        "io_kbytes" : 0,
        "bw_bytes" : 0,
        "bw" : 0,
        "iops" : 0.000000,
        "runtime" : 0,
        "total_ios" : 0,
        "short_ios" : 0,
        "drop_ios" : 0,
        "slat_ns" : {
          "min" : 0,
          "max" : 0,
          "mean" : 0.000000,
          "stddev" : 0.000000,
          "N" : 0
        },
        "clat_ns" : {
          "min" : 0,
          "max" : 0,
          "mean" : 0.000000,
          "stddev" : 0.000000,
          "N" : 0
        },
        "lat_ns" : {
          "min" : 0,
          "max" : 0,
          "mean" : 0.000000,
          "stddev" : 0.000000,
          "N" : 0
        },
        "bw_min" : 0,
        "bw_max" : 0,
        "bw_agg" : 0.000000,
        "bw_mean" : 0.000000,
        "bw_dev" : 0.000000,
        "bw_samples" : 0,
        "iops_min" : 0,
        "iops_max" : 0,
        "iops_mean" : 0.000000,
        "iops_stddev" : 0.000000,
        "iops_samples" : 0
      },
      "sync" : {
        "total_ios" : 0,
        "lat_ns" : {
          "min" : 0,
          "max" : 0,
          "mean" : 0.000000,
          "stddev" : 0.000000,
          "N" : 0
        }
      },
      "job_runtime" : 662495,
      "usr_cpu" : 1.821448,
      "sys_cpu" : 3.856180,
      "ctx" : 2636609,
      "majf" : 0,
      "minf" : 9,
      "iodepth_level" : {
        "1" : 100.000000,
        "2" : 0.000000,
        "4" : 0.000000,
        "8" : 0.000000,
        "16" : 0.000000,
        "32" : 0.000000,
        ">=64" : 0.000000
      },
      "iodepth_submit" : {
        "0" : 0.000000,
        "4" : 100.000000,
        "8" : 0.000000,
        "16" : 0.000000,
        "32" : 0.000000,
        "64" : 0.000000,
        ">=64" : 0.000000
      },
      "iodepth_complete" : {
        "0" : 0.000000,
        "4" : 100.000000,
        "8" : 0.000000,
        "16" : 0.000000,
        "32" : 0.000000,
        "64" : 0.000000,
        ">=64" : 0.000000
      },
      "latency_ns" : {
        "2" : 0.000000,
        "4" : 0.000000,
        "10" : 0.000000,
        "20" : 0.000000,
        "50" : 0.000000,
        "100" : 0.000000,
        "250" : 0.000000,
        "500" : 0.000000,
        "750" : 0.000000,
        "1000" : 0.000000
      },
      "latency_us" : {
        "2" : 0.000000,
        "4" : 0.000000,
        "10" : 0.000000,
        "20" : 28.234291,
        "50" : 51.867867,
        "100" : 14.628067,
        "250" : 2.687645,
        "500" : 0.123444,
        "750" : 0.042419,
        "1000" : 0.031013
      },
      "latency_ms" : {
        "2" : 0.112877,
        "4" : 0.370560,
        "10" : 1.111526,
        "20" : 0.653839,
        "50" : 0.128174,
        "100" : 0.010000,
        "250" : 0.010000,
        "500" : 0.000000,
        "750" : 0.000000,
        "1000" : 0.000000,
        "2000" : 0.000000,
        ">=2000" : 0.000000
      },
      "latency_depth" : 1,
      "latency_target" : 0,
      "latency_percentile" : 100.000000,
      "latency_window" : 0
    }
  ]
}
