{
  "fio version" : "fio-3.41",
  "timestamp" : 1776184355,
  "timestamp_ms" : 1776184355175,
  "time" : "Tue Apr 14 12:32:35 2026",
  "jobs" : [
    {
      "jobname" : "text_2_read",
      "groupid" : 0,
      "job_start" : 1776183062527,
      "error" : 0,
      "eta" : 0,
      "elapsed" : 1293,
      "job options" : {
        "name" : "text_2_read",
        "filename" : "test2.junk",
        "size" : "10gb",
        "rw" : "read"
      },
      "read" : {
        "io_bytes" : 10737418240,
        "io_kbytes" : 10485760,
        "bw_bytes" : 8307493,
        "bw" : 8112,
        "iops" : 2028.196562,
        "runtime" : 1292498,
        "total_ios" : 2621440,
        "short_ios" : 0,
        "drop_ios" : 0,
        "slat_ns" : {
          "min" : 0,
          "max" : 0,
          "mean" : 0.000000,
          "stddev" : 0.000000,
          "N" : 0
        },
        "clat_ns" : {
          "min" : 753,
          "max" : 1021529908,
          "mean" : 492323.674951,
          "stddev" : 5222918.079840,
          "N" : 2621440,
          "percentile" : {
            "1.000000" : 2128,
            "5.000000" : 2192,
            "10.000000" : 2224,
            "20.000000" : 2320,
            "30.000000" : 2384,
            "40.000000" : 2416,
            "50.000000" : 2448,
            "60.000000" : 2544,
            "70.000000" : 2640,
            "80.000000" : 2736,
            "90.000000" : 3024,
            "95.000000" : 3600,
            "99.000000" : 7503872,
            "99.500000" : 49545216,
            "99.900000" : 55312384,
            "99.950000" : 57933824,
            "99.990000" : 107479040
          }
        },
        "lat_ns" : {
          "min" : 775,
          "max" : 1021529983,
          "mean" : 492413.045383,
          "stddev" : 5222917.526861,
          "N" : 2621440
        },
        "bw_min" : 512,
        "bw_max" : 10240,
        "bw_agg" : 100.000000,
        "bw_mean" : 8139.643384,
        "bw_dev" : 1658.498776,
        "bw_samples" : 2577,
        "iops_min" : 128,
        "iops_max" : 2560,
        "iops_mean" : 2034.828483,
        "iops_stddev" : 414.615001,
        "iops_samples" : 2577
      },
      "write" : {
        "io_bytes" : 0,
        "io_kbytes" : 0,
        "bw_bytes" : 0,
        "bw" : 0,
        "iops" : 0.000000,
        "runtime" : 0,
        "total_ios" : 0,
        "short_ios" : 0,
        "drop_ios" : 0,
        "slat_ns" : {
          "min" : 0,
          "max" : 0,
          "mean" : 0.000000,
          "stddev" : 0.000000,
          "N" : 0
        },
        "clat_ns" : {
          "min" : 0,
          "max" : 0,
          "mean" : 0.000000,
          "stddev" : 0.000000,
          "N" : 0
        },
        "lat_ns" : {
          "min" : 0,
          "max" : 0,
          "mean" : 0.000000,
          "stddev" : 0.000000,
          "N" : 0
        },
        "bw_min" : 0,
        "bw_max" : 0,
        "bw_agg" : 0.000000,
        "bw_mean" : 0.000000,
        "bw_dev" : 0.000000,
        "bw_samples" : 0,
        "iops_min" : 0,
        "iops_max" : 0,
        "iops_mean" : 0.000000,
        "iops_stddev" : 0.000000,
        "iops_samples" : 0
      },
      "trim" : {
        "io_bytes" : 0,
        "io_kbytes" : 0,
        "bw_bytes" : 0,
        "bw" : 0,
        "iops" : 0.000000,
        "runtime" : 0,
        "total_ios" : 0,
        "short_ios" : 0,
        "drop_ios" : 0,
        "slat_ns" : {
          "min" : 0,
          "max" : 0,
          "mean" : 0.000000,
          "stddev" : 0.000000,
          "N" : 0
        },
        "clat_ns" : {
          "min" : 0,
          "max" : 0,
          "mean" : 0.000000,
          "stddev" : 0.000000,
          "N" : 0
        },
        "lat_ns" : {
          "min" : 0,
          "max" : 0,
          "mean" : 0.000000,
          "stddev" : 0.000000,
          "N" : 0
        },
        "bw_min" : 0,
        "bw_max" : 0,
        "bw_agg" : 0.000000,
        "bw_mean" : 0.000000,
        "bw_dev" : 0.000000,
        "bw_samples" : 0,
        "iops_min" : 0,
        "iops_max" : 0,
        "iops_mean" : 0.000000,
        "iops_stddev" : 0.000000,
        "iops_samples" : 0
      },
      "sync" : {
        "total_ios" : 0,
        "lat_ns" : {
          "min" : 0,
          "max" : 0,
          "mean" : 0.000000,
          "stddev" : 0.000000,
          "N" : 0
        }
      },
      "job_runtime" : 1292497,
      "usr_cpu" : 0.345687,
      "sys_cpu" : 0.917604,
      "ctx" : 43542,
      "majf" : 0,
      "minf" : 10,
      "iodepth_level" : {
        "1" : 100.000000,
        "2" : 0.000000,
        "4" : 0.000000,
        "8" : 0.000000,
        "16" : 0.000000,
        "32" : 0.000000,
        ">=64" : 0.000000
      },
      "iodepth_submit" : {
        "0" : 0.000000,
        "4" : 100.000000,
        "8" : 0.000000,
        "16" : 0.000000,
        "32" : 0.000000,
        "64" : 0.000000,
        ">=64" : 0.000000
      },
      "iodepth_complete" : {
        "0" : 0.000000,
        "4" : 100.000000,
        "8" : 0.000000,
        "16" : 0.000000,
        "32" : 0.000000,
        "64" : 0.000000,
        ">=64" : 0.000000
      },
      "latency_ns" : {
        "2" : 0.000000,
        "4" : 0.000000,
        "10" : 0.000000,
        "20" : 0.000000,
        "50" : 0.000000,
        "100" : 0.000000,
        "250" : 0.000000,
        "500" : 0.000000,
        "750" : 0.000000,
        "1000" : 0.107994
      },
      "latency_us" : {
        "2" : 0.256271,
        "4" : 95.363655,
        "10" : 2.341805,
        "20" : 0.091515,
        "50" : 0.220261,
        "100" : 0.012512,
        "250" : 0.043068,
        "500" : 0.010000,
        "750" : 0.010000,
        "1000" : 0.010000
      },
      "latency_ms" : {
        "2" : 0.010000,
        "4" : 0.011864,
        "10" : 0.630264,
        "20" : 0.043259,
        "50" : 0.395317,
        "100" : 0.469933,
        "250" : 0.010000,
        "500" : 0.010000,
        "750" : 0.010000,
        "1000" : 0.010000,
        "2000" : 0.010000,
        ">=2000" : 0.000000
      },
      "latency_depth" : 1,
      "latency_target" : 0,
      "latency_percentile" : 100.000000,
      "latency_window" : 0
    }
  ]
}
