{
  "fio version" : "fio-3.41",
  "timestamp" : 1776352818,
  "timestamp_ms" : 1776352818366,
  "time" : "Thu Apr 16 11:20:18 2026",
  "jobs" : [
    {
      "jobname" : "test_7_write",
      "groupid" : 0,
      "job_start" : 1776352457426,
      "error" : 0,
      "eta" : 0,
      "elapsed" : 362,
      "job options" : {
        "name" : "test_7_write",
        "filename" : "test7.junk",
        "size" : "10gb",
        "rw" : "write"
      },
      "read" : {
        "io_bytes" : 0,
        "io_kbytes" : 0,
        "bw_bytes" : 0,
        "bw" : 0,
        "iops" : 0.000000,
        "runtime" : 0,
        "total_ios" : 0,
        "short_ios" : 0,
        "drop_ios" : 0,
        "slat_ns" : {
          "min" : 0,
          "max" : 0,
          "mean" : 0.000000,
          "stddev" : 0.000000,
          "N" : 0
        },
        "clat_ns" : {
          "min" : 0,
          "max" : 0,
          "mean" : 0.000000,
          "stddev" : 0.000000,
          "N" : 0
        },
        "lat_ns" : {
          "min" : 0,
          "max" : 0,
          "mean" : 0.000000,
          "stddev" : 0.000000,
          "N" : 0
        },
        "bw_min" : 0,
        "bw_max" : 0,
        "bw_agg" : 0.000000,
        "bw_mean" : 0.000000,
        "bw_dev" : 0.000000,
        "bw_samples" : 0,
        "iops_min" : 0,
        "iops_max" : 0,
        "iops_mean" : 0.000000,
        "iops_stddev" : 0.000000,
        "iops_samples" : 0
      },
      "write" : {
        "io_bytes" : 10737418240,
        "io_kbytes" : 10485760,
        "bw_bytes" : 29753925,
        "bw" : 29056,
        "iops" : 7264.142055,
        "runtime" : 360874,
        "total_ios" : 2621440,
        "short_ios" : 0,
        "drop_ios" : 0,
        "slat_ns" : {
          "min" : 0,
          "max" : 0,
          "mean" : 0.000000,
          "stddev" : 0.000000,
          "N" : 0
        },
        "clat_ns" : {
          "min" : 10430,
          "max" : 354999678,
          "mean" : 135406.591261,
          "stddev" : 1025485.493183,
          "N" : 2621440,
          "percentile" : {
            "1.000000" : 13376,
            "5.000000" : 17024,
            "10.000000" : 20096,
            "20.000000" : 27008,
            "30.000000" : 35584,
            "40.000000" : 44800,
            "50.000000" : 52992,
            "60.000000" : 61696,
            "70.000000" : 74240,
            "80.000000" : 94720,
            "90.000000" : 132096,
            "95.000000" : 168960,
            "99.000000" : 1433600,
            "99.500000" : 4620288,
            "99.900000" : 13434880,
            "99.950000" : 19267584,
            "99.990000" : 36438016
          }
        },
        "lat_ns" : {
          "min" : 10474,
          "max" : 354999862,
          "mean" : 135748.647547,
          "stddev" : 1025491.442270,
          "N" : 2621440
        },
        "bw_min" : 12576,
        "bw_max" : 32760,
        "bw_agg" : 100.000000,
        "bw_mean" : 29072.088766,
        "bw_dev" : 2786.870611,
        "bw_samples" : 721,
        "iops_min" : 3144,
        "iops_max" : 8190,
        "iops_mean" : 7268.026352,
        "iops_stddev" : 696.716183,
        "iops_samples" : 721
      },
      "trim" : {
        "io_bytes" : 0,
        "io_kbytes" : 0,
        "bw_bytes" : 0,
        "bw" : 0,
        "iops" : 0.000000,
        "runtime" : 0,
        "total_ios" : 0,
        "short_ios" : 0,
        "drop_ios" : 0,
        "slat_ns" : {
          "min" : 0,
          "max" : 0,
          "mean" : 0.000000,
          "stddev" : 0.000000,
          "N" : 0
        },
        "clat_ns" : {
          "min" : 0,
          "max" : 0,
          "mean" : 0.000000,
          "stddev" : 0.000000,
          "N" : 0
        },
        "lat_ns" : {
          "min" : 0,
          "max" : 0,
          "mean" : 0.000000,
          "stddev" : 0.000000,
          "N" : 0
        },
        "bw_min" : 0,
        "bw_max" : 0,
        "bw_agg" : 0.000000,
        "bw_mean" : 0.000000,
        "bw_dev" : 0.000000,
        "bw_samples" : 0,
        "iops_min" : 0,
        "iops_max" : 0,
        "iops_mean" : 0.000000,
        "iops_stddev" : 0.000000,
        "iops_samples" : 0
      },
      "sync" : {
        "total_ios" : 0,
        "lat_ns" : {
          "min" : 0,
          "max" : 0,
          "mean" : 0.000000,
          "stddev" : 0.000000,
          "N" : 0
        }
      },
      "job_runtime" : 360873,
      "usr_cpu" : 3.660013,
      "sys_cpu" : 10.397009,
      "ctx" : 2628137,
      "majf" : 0,
      "minf" : 12,
      "iodepth_level" : {
        "1" : 100.000000,
        "2" : 0.000000,
        "4" : 0.000000,
        "8" : 0.000000,
        "16" : 0.000000,
        "32" : 0.000000,
        ">=64" : 0.000000
      },
      "iodepth_submit" : {
        "0" : 0.000000,
        "4" : 100.000000,
        "8" : 0.000000,
        "16" : 0.000000,
        "32" : 0.000000,
        "64" : 0.000000,
        ">=64" : 0.000000
      },
      "iodepth_complete" : {
        "0" : 0.000000,
        "4" : 100.000000,
        "8" : 0.000000,
        "16" : 0.000000,
        "32" : 0.000000,
        "64" : 0.000000,
        ">=64" : 0.000000
      },
      "latency_ns" : {
        "2" : 0.000000,
        "4" : 0.000000,
        "10" : 0.000000,
        "20" : 0.000000,
        "50" : 0.000000,
        "100" : 0.000000,
        "250" : 0.000000,
        "500" : 0.000000,
        "750" : 0.000000,
        "1000" : 0.000000
      },
      "latency_us" : {
        "2" : 0.000000,
        "4" : 0.000000,
        "10" : 0.000000,
        "20" : 9.704895,
        "50" : 37.140236,
        "100" : 34.960251,
        "250" : 16.180801,
        "500" : 0.485001,
        "750" : 0.230179,
        "1000" : 0.141296
      },
      "latency_ms" : {
        "2" : 0.293884,
        "4" : 0.294952,
        "10" : 0.397682,
        "20" : 0.124512,
        "50" : 0.041046,
        "100" : 0.010000,
        "250" : 0.010000,
        "500" : 0.010000,
        "750" : 0.000000,
        "1000" : 0.000000,
        "2000" : 0.000000,
        ">=2000" : 0.000000
      },
      "latency_depth" : 1,
      "latency_target" : 0,
      "latency_percentile" : 100.000000,
      "latency_window" : 0
    }
  ]
}
