{
  "fio version" : "fio-3.41",
  "timestamp" : 1774617337,
  "timestamp_ms" : 1774617337135,
  "time" : "Fri Mar 27 09:15:37 2026",
  "jobs" : [
    {
      "jobname" : "test_1_write",
      "groupid" : 0,
      "job_start" : 1774616914720,
      "error" : 0,
      "eta" : 0,
      "elapsed" : 423,
      "job options" : {
        "name" : "test_1_write",
        "filename" : "test1.junk",
        "size" : "10gb",
        "rw" : "write"
      },
      "read" : {
        "io_bytes" : 0,
        "io_kbytes" : 0,
        "bw_bytes" : 0,
        "bw" : 0,
        "iops" : 0.000000,
        "runtime" : 0,
        "total_ios" : 0,
        "short_ios" : 0,
        "drop_ios" : 0,
        "slat_ns" : {
          "min" : 0,
          "max" : 0,
          "mean" : 0.000000,
          "stddev" : 0.000000,
          "N" : 0
        },
        "clat_ns" : {
          "min" : 0,
          "max" : 0,
          "mean" : 0.000000,
          "stddev" : 0.000000,
          "N" : 0
        },
        "lat_ns" : {
          "min" : 0,
          "max" : 0,
          "mean" : 0.000000,
          "stddev" : 0.000000,
          "N" : 0
        },
        "bw_min" : 0,
        "bw_max" : 0,
        "bw_agg" : 0.000000,
        "bw_mean" : 0.000000,
        "bw_dev" : 0.000000,
        "bw_samples" : 0,
        "iops_min" : 0,
        "iops_max" : 0,
        "iops_mean" : 0.000000,
        "iops_stddev" : 0.000000,
        "iops_samples" : 0
      },
      "write" : {
        "io_bytes" : 10737418240,
        "io_kbytes" : 10485760,
        "bw_bytes" : 25425140,
        "bw" : 24829,
        "iops" : 6207.309710,
        "runtime" : 422315,
        "total_ios" : 2621440,
        "short_ios" : 0,
        "drop_ios" : 0,
        "slat_ns" : {
          "min" : 0,
          "max" : 0,
          "mean" : 0.000000,
          "stddev" : 0.000000,
          "N" : 0
        },
        "clat_ns" : {
          "min" : 5369,
          "max" : 1368960177,
          "mean" : 160700.727002,
          "stddev" : 2402532.454799,
          "N" : 2621440,
          "percentile" : {
            "1.000000" : 6432,
            "5.000000" : 6816,
            "10.000000" : 7200,
            "20.000000" : 9664,
            "30.000000" : 10432,
            "40.000000" : 10688,
            "50.000000" : 11200,
            "60.000000" : 12480,
            "70.000000" : 13504,
            "80.000000" : 16320,
            "90.000000" : 52992,
            "95.000000" : 99840,
            "99.000000" : 4079616,
            "99.500000" : 7045120,
            "99.900000" : 20840448,
            "99.950000" : 24772608,
            "99.990000" : 58458112
          }
        },
        "lat_ns" : {
          "min" : 5398,
          "max" : 1368960207,
          "mean" : 160754.560518,
          "stddev" : 2402540.582712,
          "N" : 2621440
        },
        "bw_min" : 256,
        "bw_max" : 44992,
        "bw_agg" : 100.000000,
        "bw_mean" : 24987.306317,
        "bw_dev" : 17740.811137,
        "bw_samples" : 839,
        "iops_min" : 64,
        "iops_max" : 11248,
        "iops_mean" : 6246.790226,
        "iops_stddev" : 4435.177909,
        "iops_samples" : 839
      },
      "trim" : {
        "io_bytes" : 0,
        "io_kbytes" : 0,
        "bw_bytes" : 0,
        "bw" : 0,
        "iops" : 0.000000,
        "runtime" : 0,
        "total_ios" : 0,
        "short_ios" : 0,
        "drop_ios" : 0,
        "slat_ns" : {
          "min" : 0,
          "max" : 0,
          "mean" : 0.000000,
          "stddev" : 0.000000,
          "N" : 0
        },
        "clat_ns" : {
          "min" : 0,
          "max" : 0,
          "mean" : 0.000000,
          "stddev" : 0.000000,
          "N" : 0
        },
        "lat_ns" : {
          "min" : 0,
          "max" : 0,
          "mean" : 0.000000,
          "stddev" : 0.000000,
          "N" : 0
        },
        "bw_min" : 0,
        "bw_max" : 0,
        "bw_agg" : 0.000000,
        "bw_mean" : 0.000000,
        "bw_dev" : 0.000000,
        "bw_samples" : 0,
        "iops_min" : 0,
        "iops_max" : 0,
        "iops_mean" : 0.000000,
        "iops_stddev" : 0.000000,
        "iops_samples" : 0
      },
      "sync" : {
        "total_ios" : 0,
        "lat_ns" : {
          "min" : 0,
          "max" : 0,
          "mean" : 0.000000,
          "stddev" : 0.000000,
          "N" : 0
        }
      },
      "job_runtime" : 422314,
      "usr_cpu" : 0.471450,
      "sys_cpu" : 2.062446,
      "ctx" : 2622599,
      "majf" : 0,
      "minf" : 13,
      "iodepth_level" : {
        "1" : 100.000000,
        "2" : 0.000000,
        "4" : 0.000000,
        "8" : 0.000000,
        "16" : 0.000000,
        "32" : 0.000000,
        ">=64" : 0.000000
      },
      "iodepth_submit" : {
        "0" : 0.000000,
        "4" : 100.000000,
        "8" : 0.000000,
        "16" : 0.000000,
        "32" : 0.000000,
        "64" : 0.000000,
        ">=64" : 0.000000
      },
      "iodepth_complete" : {
        "0" : 0.000000,
        "4" : 100.000000,
        "8" : 0.000000,
        "16" : 0.000000,
        "32" : 0.000000,
        "64" : 0.000000,
        ">=64" : 0.000000
      },
      "latency_ns" : {
        "2" : 0.000000,
        "4" : 0.000000,
        "10" : 0.000000,
        "20" : 0.000000,
        "50" : 0.000000,
        "100" : 0.000000,
        "250" : 0.000000,
        "500" : 0.000000,
        "750" : 0.000000,
        "1000" : 0.000000
      },
      "latency_us" : {
        "2" : 0.000000,
        "4" : 0.000000,
        "10" : 21.957550,
        "20" : 61.504364,
        "50" : 5.988846,
        "100" : 5.558548,
        "250" : 2.481842,
        "500" : 0.317497,
        "750" : 0.039177,
        "1000" : 0.049858
      },
      "latency_ms" : {
        "2" : 0.294914,
        "4" : 0.787277,
        "10" : 0.670509,
        "20" : 0.238838,
        "50" : 0.098648,
        "100" : 0.010000,
        "250" : 0.010000,
        "500" : 0.010000,
        "750" : 0.010000,
        "1000" : 0.000000,
        "2000" : 0.010000,
        ">=2000" : 0.000000
      },
      "latency_depth" : 1,
      "latency_target" : 0,
      "latency_percentile" : 100.000000,
      "latency_window" : 0
    }
  ]
}
