{
  "fio version" : "fio-3.41",
  "timestamp" : 1774629490,
  "timestamp_ms" : 1774629490793,
  "time" : "Fri Mar 27 12:38:10 2026",
  "jobs" : [
    {
      "jobname" : "text_5_read",
      "groupid" : 0,
      "job_start" : 1774628020895,
      "error" : 0,
      "eta" : 0,
      "elapsed" : 1470,
      "job options" : {
        "name" : "text_5_read",
        "filename" : "test5.junk",
        "size" : "10gb",
        "rw" : "read"
      },
      "read" : {
        "io_bytes" : 10737418240,
        "io_kbytes" : 10485760,
        "bw_bytes" : 7306811,
        "bw" : 7135,
        "iops" : 1783.889574,
        "runtime" : 1469508,
        "total_ios" : 2621440,
        "short_ios" : 0,
        "drop_ios" : 0,
        "slat_ns" : {
          "min" : 0,
          "max" : 0,
          "mean" : 0.000000,
          "stddev" : 0.000000,
          "N" : 0
        },
        "clat_ns" : {
          "min" : 235,
          "max" : 7862053824,
          "mean" : 560106.565204,
          "stddev" : 14642095.146745,
          "N" : 2621440,
          "percentile" : {
            "1.000000" : 253,
            "5.000000" : 286,
            "10.000000" : 290,
            "20.000000" : 374,
            "30.000000" : 812,
            "40.000000" : 1004,
            "50.000000" : 1128,
            "60.000000" : 1272,
            "70.000000" : 1400,
            "80.000000" : 1528,
            "90.000000" : 1832,
            "95.000000" : 2256,
            "99.000000" : 5210112,
            "99.500000" : 44826624,
            "99.900000" : 51642368,
            "99.950000" : 94896128,
            "99.990000" : 404750336
          }
        },
        "lat_ns" : {
          "min" : 251,
          "max" : 7862053889,
          "mean" : 560163.922110,
          "stddev" : 14642095.227048,
          "N" : 2621440
        },
        "bw_min" : 7,
        "bw_max" : 11776,
        "bw_agg" : 100.000000,
        "bw_mean" : 7818.999627,
        "bw_dev" : 4089.465026,
        "bw_samples" : 2682,
        "iops_min" : 1,
        "iops_max" : 2944,
        "iops_mean" : 1954.702461,
        "iops_stddev" : 1022.359872,
        "iops_samples" : 2682
      },
      "write" : {
        "io_bytes" : 0,
        "io_kbytes" : 0,
        "bw_bytes" : 0,
        "bw" : 0,
        "iops" : 0.000000,
        "runtime" : 0,
        "total_ios" : 0,
        "short_ios" : 0,
        "drop_ios" : 0,
        "slat_ns" : {
          "min" : 0,
          "max" : 0,
          "mean" : 0.000000,
          "stddev" : 0.000000,
          "N" : 0
        },
        "clat_ns" : {
          "min" : 0,
          "max" : 0,
          "mean" : 0.000000,
          "stddev" : 0.000000,
          "N" : 0
        },
        "lat_ns" : {
          "min" : 0,
          "max" : 0,
          "mean" : 0.000000,
          "stddev" : 0.000000,
          "N" : 0
        },
        "bw_min" : 0,
        "bw_max" : 0,
        "bw_agg" : 0.000000,
        "bw_mean" : 0.000000,
        "bw_dev" : 0.000000,
        "bw_samples" : 0,
        "iops_min" : 0,
        "iops_max" : 0,
        "iops_mean" : 0.000000,
        "iops_stddev" : 0.000000,
        "iops_samples" : 0
      },
      "trim" : {
        "io_bytes" : 0,
        "io_kbytes" : 0,
        "bw_bytes" : 0,
        "bw" : 0,
        "iops" : 0.000000,
        "runtime" : 0,
        "total_ios" : 0,
        "short_ios" : 0,
        "drop_ios" : 0,
        "slat_ns" : {
          "min" : 0,
          "max" : 0,
          "mean" : 0.000000,
          "stddev" : 0.000000,
          "N" : 0
        },
        "clat_ns" : {
          "min" : 0,
          "max" : 0,
          "mean" : 0.000000,
          "stddev" : 0.000000,
          "N" : 0
        },
        "lat_ns" : {
          "min" : 0,
          "max" : 0,
          "mean" : 0.000000,
          "stddev" : 0.000000,
          "N" : 0
        },
        "bw_min" : 0,
        "bw_max" : 0,
        "bw_agg" : 0.000000,
        "bw_mean" : 0.000000,
        "bw_dev" : 0.000000,
        "bw_samples" : 0,
        "iops_min" : 0,
        "iops_max" : 0,
        "iops_mean" : 0.000000,
        "iops_stddev" : 0.000000,
        "iops_samples" : 0
      },
      "sync" : {
        "total_ios" : 0,
        "lat_ns" : {
          "min" : 0,
          "max" : 0,
          "mean" : 0.000000,
          "stddev" : 0.000000,
          "N" : 0
        }
      },
      "job_runtime" : 1469507,
      "usr_cpu" : 0.130860,
      "sys_cpu" : 0.505680,
      "ctx" : 42687,
      "majf" : 0,
      "minf" : 10,
      "iodepth_level" : {
        "1" : 100.000000,
        "2" : 0.000000,
        "4" : 0.000000,
        "8" : 0.000000,
        "16" : 0.000000,
        "32" : 0.000000,
        ">=64" : 0.000000
      },
      "iodepth_submit" : {
        "0" : 0.000000,
        "4" : 100.000000,
        "8" : 0.000000,
        "16" : 0.000000,
        "32" : 0.000000,
        "64" : 0.000000,
        ">=64" : 0.000000
      },
      "iodepth_complete" : {
        "0" : 0.000000,
        "4" : 100.000000,
        "8" : 0.000000,
        "16" : 0.000000,
        "32" : 0.000000,
        "64" : 0.000000,
        ">=64" : 0.000000
      },
      "latency_ns" : {
        "2" : 0.000000,
        "4" : 0.000000,
        "10" : 0.000000,
        "20" : 0.000000,
        "50" : 0.000000,
        "100" : 0.000000,
        "250" : 0.760345,
        "500" : 24.197960,
        "750" : 3.234367,
        "1000" : 11.532669
      },
      "latency_us" : {
        "2" : 53.597450,
        "4" : 4.039497,
        "10" : 0.908432,
        "20" : 0.055618,
        "50" : 0.061035,
        "100" : 0.011024,
        "250" : 0.037003,
        "500" : 0.019341,
        "750" : 0.011444,
        "1000" : 0.013542
      },
      "latency_ms" : {
        "2" : 0.104256,
        "4" : 0.312576,
        "10" : 0.225410,
        "20" : 0.047264,
        "50" : 0.705833,
        "100" : 0.075607,
        "250" : 0.028267,
        "500" : 0.013962,
        "750" : 0.010000,
        "1000" : 0.010000,
        "2000" : 0.010000,
        ">=2000" : 0.010000
      },
      "latency_depth" : 1,
      "latency_target" : 0,
      "latency_percentile" : 100.000000,
      "latency_window" : 0
    }
  ]
}
