{
  "fio version" : "fio-3.41",
  "timestamp" : 1776358223,
  "timestamp_ms" : 1776358223548,
  "time" : "Thu Apr 16 12:50:23 2026",
  "jobs" : [
    {
      "jobname" : "test_9_write",
      "groupid" : 0,
      "job_start" : 1776357868369,
      "error" : 0,
      "eta" : 0,
      "elapsed" : 356,
      "job options" : {
        "name" : "test_9_write",
        "filename" : "test9.junk",
        "size" : "10gb",
        "rw" : "write"
      },
      "read" : {
        "io_bytes" : 0,
        "io_kbytes" : 0,
        "bw_bytes" : 0,
        "bw" : 0,
        "iops" : 0.000000,
        "runtime" : 0,
        "total_ios" : 0,
        "short_ios" : 0,
        "drop_ios" : 0,
        "slat_ns" : {
          "min" : 0,
          "max" : 0,
          "mean" : 0.000000,
          "stddev" : 0.000000,
          "N" : 0
        },
        "clat_ns" : {
          "min" : 0,
          "max" : 0,
          "mean" : 0.000000,
          "stddev" : 0.000000,
          "N" : 0
        },
        "lat_ns" : {
          "min" : 0,
          "max" : 0,
          "mean" : 0.000000,
          "stddev" : 0.000000,
          "N" : 0
        },
        "bw_min" : 0,
        "bw_max" : 0,
        "bw_agg" : 0.000000,
        "bw_mean" : 0.000000,
        "bw_dev" : 0.000000,
        "bw_samples" : 0,
        "iops_min" : 0,
        "iops_max" : 0,
        "iops_mean" : 0.000000,
        "iops_stddev" : 0.000000,
        "iops_samples" : 0
      },
      "write" : {
        "io_bytes" : 10737418240,
        "io_kbytes" : 10485760,
        "bw_bytes" : 30255282,
        "bw" : 29546,
        "iops" : 7386.543588,
        "runtime" : 354894,
        "total_ios" : 2621440,
        "short_ios" : 0,
        "drop_ios" : 0,
        "slat_ns" : {
          "min" : 0,
          "max" : 0,
          "mean" : 0.000000,
          "stddev" : 0.000000,
          "N" : 0
        },
        "clat_ns" : {
          "min" : 10525,
          "max" : 125621256,
          "mean" : 133387.834665,
          "stddev" : 1000245.891259,
          "N" : 2621440,
          "percentile" : {
            "1.000000" : 12608,
            "5.000000" : 16192,
            "10.000000" : 19840,
            "20.000000" : 26752,
            "30.000000" : 33536,
            "40.000000" : 42752,
            "50.000000" : 49920,
            "60.000000" : 60160,
            "70.000000" : 72192,
            "80.000000" : 95744,
            "90.000000" : 140288,
            "95.000000" : 173056,
            "99.000000" : 1187840,
            "99.500000" : 4489216,
            "99.900000" : 15138816,
            "99.950000" : 21364736,
            "99.990000" : 34340864
          }
        },
        "lat_ns" : {
          "min" : 10577,
          "max" : 125621395,
          "mean" : 133673.298991,
          "stddev" : 1000247.569569,
          "N" : 2621440
        },
        "bw_min" : 11792,
        "bw_max" : 33696,
        "bw_agg" : 100.000000,
        "bw_mean" : 29562.064880,
        "bw_dev" : 3723.416981,
        "bw_samples" : 709,
        "iops_min" : 2948,
        "iops_max" : 8424,
        "iops_mean" : 7390.519041,
        "iops_stddev" : 930.852487,
        "iops_samples" : 709
      },
      "trim" : {
        "io_bytes" : 0,
        "io_kbytes" : 0,
        "bw_bytes" : 0,
        "bw" : 0,
        "iops" : 0.000000,
        "runtime" : 0,
        "total_ios" : 0,
        "short_ios" : 0,
        "drop_ios" : 0,
        "slat_ns" : {
          "min" : 0,
          "max" : 0,
          "mean" : 0.000000,
          "stddev" : 0.000000,
          "N" : 0
        },
        "clat_ns" : {
          "min" : 0,
          "max" : 0,
          "mean" : 0.000000,
          "stddev" : 0.000000,
          "N" : 0
        },
        "lat_ns" : {
          "min" : 0,
          "max" : 0,
          "mean" : 0.000000,
          "stddev" : 0.000000,
          "N" : 0
        },
        "bw_min" : 0,
        "bw_max" : 0,
        "bw_agg" : 0.000000,
        "bw_mean" : 0.000000,
        "bw_dev" : 0.000000,
        "bw_samples" : 0,
        "iops_min" : 0,
        "iops_max" : 0,
        "iops_mean" : 0.000000,
        "iops_stddev" : 0.000000,
        "iops_samples" : 0
      },
      "sync" : {
        "total_ios" : 0,
        "lat_ns" : {
          "min" : 0,
          "max" : 0,
          "mean" : 0.000000,
          "stddev" : 0.000000,
          "N" : 0
        }
      },
      "job_runtime" : 354893,
      "usr_cpu" : 3.323819,
      "sys_cpu" : 9.803800,
      "ctx" : 2624083,
      "majf" : 0,
      "minf" : 13,
      "iodepth_level" : {
        "1" : 100.000000,
        "2" : 0.000000,
        "4" : 0.000000,
        "8" : 0.000000,
        "16" : 0.000000,
        "32" : 0.000000,
        ">=64" : 0.000000
      },
      "iodepth_submit" : {
        "0" : 0.000000,
        "4" : 100.000000,
        "8" : 0.000000,
        "16" : 0.000000,
        "32" : 0.000000,
        "64" : 0.000000,
        ">=64" : 0.000000
      },
      "iodepth_complete" : {
        "0" : 0.000000,
        "4" : 100.000000,
        "8" : 0.000000,
        "16" : 0.000000,
        "32" : 0.000000,
        "64" : 0.000000,
        ">=64" : 0.000000
      },
      "latency_ns" : {
        "2" : 0.000000,
        "4" : 0.000000,
        "10" : 0.000000,
        "20" : 0.000000,
        "50" : 0.000000,
        "100" : 0.000000,
        "250" : 0.000000,
        "500" : 0.000000,
        "750" : 0.000000,
        "1000" : 0.000000
      },
      "latency_us" : {
        "2" : 0.000000,
        "4" : 0.000000,
        "10" : 0.000000,
        "20" : 10.242500,
        "50" : 39.697533,
        "100" : 31.192245,
        "250" : 17.386589,
        "500" : 0.284004,
        "750" : 0.089569,
        "1000" : 0.061684
      },
      "latency_ms" : {
        "2" : 0.201416,
        "4" : 0.290146,
        "10" : 0.369797,
        "20" : 0.125160,
        "50" : 0.056839,
        "100" : 0.010000,
        "250" : 0.010000,
        "500" : 0.000000,
        "750" : 0.000000,
        "1000" : 0.000000,
        "2000" : 0.000000,
        ">=2000" : 0.000000
      },
      "latency_depth" : 1,
      "latency_target" : 0,
      "latency_percentile" : 100.000000,
      "latency_window" : 0
    }
  ]
}
