{
  "fio version" : "fio-3.39",
  "timestamp" : 1775149190,
  "timestamp_ms" : 1775149190198,
  "time" : "Thu Apr  2 12:59:50 2026",
  "jobs" : [
    {
      "jobname" : "test_2_write",
      "groupid" : 0,
      "job_start" : 1775148629240,
      "error" : 0,
      "eta" : 0,
      "elapsed" : 562,
      "job options" : {
        "name" : "test_2_write",
        "filename" : "test2.junk",
        "size" : "10gb",
        "rw" : "write"
      },
      "read" : {
        "io_bytes" : 0,
        "io_kbytes" : 0,
        "bw_bytes" : 0,
        "bw" : 0,
        "iops" : 0.000000,
        "runtime" : 0,
        "total_ios" : 0,
        "short_ios" : 0,
        "drop_ios" : 0,
        "slat_ns" : {
          "min" : 0,
          "max" : 0,
          "mean" : 0.000000,
          "stddev" : 0.000000,
          "N" : 0
        },
        "clat_ns" : {
          "min" : 0,
          "max" : 0,
          "mean" : 0.000000,
          "stddev" : 0.000000,
          "N" : 0
        },
        "lat_ns" : {
          "min" : 0,
          "max" : 0,
          "mean" : 0.000000,
          "stddev" : 0.000000,
          "N" : 0
        },
        "bw_min" : 0,
        "bw_max" : 0,
        "bw_agg" : 0.000000,
        "bw_mean" : 0.000000,
        "bw_dev" : 0.000000,
        "bw_samples" : 0,
        "iops_min" : 0,
        "iops_max" : 0,
        "iops_mean" : 0.000000,
        "iops_stddev" : 0.000000,
        "iops_samples" : 0
      },
      "write" : {
        "io_bytes" : 10737418240,
        "io_kbytes" : 10485760,
        "bw_bytes" : 19152380,
        "bw" : 18703,
        "iops" : 4675.874149,
        "runtime" : 560631,
        "total_ios" : 2621440,
        "short_ios" : 0,
        "drop_ios" : 0,
        "slat_ns" : {
          "min" : 0,
          "max" : 0,
          "mean" : 0.000000,
          "stddev" : 0.000000,
          "N" : 0
        },
        "clat_ns" : {
          "min" : 11525,
          "max" : 496904118,
          "mean" : 212511.783370,
          "stddev" : 1640665.901808,
          "N" : 2621440,
          "percentile" : {
            "1.000000" : 12096,
            "5.000000" : 14400,
            "10.000000" : 15424,
            "20.000000" : 16320,
            "30.000000" : 18816,
            "40.000000" : 20352,
            "50.000000" : 22144,
            "60.000000" : 22912,
            "70.000000" : 24960,
            "80.000000" : 34048,
            "90.000000" : 70144,
            "95.000000" : 91648,
            "99.000000" : 6848512,
            "99.500000" : 10027008,
            "99.900000" : 18743296,
            "99.950000" : 24510464,
            "99.990000" : 47972352
          }
        },
        "lat_ns" : {
          "min" : 11598,
          "max" : 496904205,
          "mean" : 212701.294680,
          "stddev" : 1640661.599477,
          "N" : 2621440
        },
        "bw_min" : 528,
        "bw_max" : 22032,
        "bw_agg" : 100.000000,
        "bw_mean" : 18707.859054,
        "bw_dev" : 2546.206783,
        "bw_samples" : 1121,
        "iops_min" : 132,
        "iops_max" : 5508,
        "iops_mean" : 4676.962533,
        "iops_stddev" : 636.553675,
        "iops_samples" : 1121
      },
      "trim" : {
        "io_bytes" : 0,
        "io_kbytes" : 0,
        "bw_bytes" : 0,
        "bw" : 0,
        "iops" : 0.000000,
        "runtime" : 0,
        "total_ios" : 0,
        "short_ios" : 0,
        "drop_ios" : 0,
        "slat_ns" : {
          "min" : 0,
          "max" : 0,
          "mean" : 0.000000,
          "stddev" : 0.000000,
          "N" : 0
        },
        "clat_ns" : {
          "min" : 0,
          "max" : 0,
          "mean" : 0.000000,
          "stddev" : 0.000000,
          "N" : 0
        },
        "lat_ns" : {
          "min" : 0,
          "max" : 0,
          "mean" : 0.000000,
          "stddev" : 0.000000,
          "N" : 0
        },
        "bw_min" : 0,
        "bw_max" : 0,
        "bw_agg" : 0.000000,
        "bw_mean" : 0.000000,
        "bw_dev" : 0.000000,
        "bw_samples" : 0,
        "iops_min" : 0,
        "iops_max" : 0,
        "iops_mean" : 0.000000,
        "iops_stddev" : 0.000000,
        "iops_samples" : 0
      },
      "sync" : {
        "total_ios" : 0,
        "lat_ns" : {
          "min" : 0,
          "max" : 0,
          "mean" : 0.000000,
          "stddev" : 0.000000,
          "N" : 0
        }
      },
      "job_runtime" : 560630,
      "usr_cpu" : 1.640476,
      "sys_cpu" : 3.925405,
      "ctx" : 2634806,
      "majf" : 0,
      "minf" : 10,
      "iodepth_level" : {
        "1" : 100.000000,
        "2" : 0.000000,
        "4" : 0.000000,
        "8" : 0.000000,
        "16" : 0.000000,
        "32" : 0.000000,
        ">=64" : 0.000000
      },
      "iodepth_submit" : {
        "0" : 0.000000,
        "4" : 100.000000,
        "8" : 0.000000,
        "16" : 0.000000,
        "32" : 0.000000,
        "64" : 0.000000,
        ">=64" : 0.000000
      },
      "iodepth_complete" : {
        "0" : 0.000000,
        "4" : 100.000000,
        "8" : 0.000000,
        "16" : 0.000000,
        "32" : 0.000000,
        "64" : 0.000000,
        ">=64" : 0.000000
      },
      "latency_ns" : {
        "2" : 0.000000,
        "4" : 0.000000,
        "10" : 0.000000,
        "20" : 0.000000,
        "50" : 0.000000,
        "100" : 0.000000,
        "250" : 0.000000,
        "500" : 0.000000,
        "750" : 0.000000,
        "1000" : 0.000000
      },
      "latency_us" : {
        "2" : 0.000000,
        "4" : 0.000000,
        "10" : 0.000000,
        "20" : 38.452034,
        "50" : 46.602287,
        "100" : 10.622826,
        "250" : 1.786003,
        "500" : 0.086937,
        "750" : 0.034142,
        "1000" : 0.024948
      },
      "latency_ms" : {
        "2" : 0.125160,
        "4" : 0.497093,
        "10" : 1.269875,
        "20" : 0.415535,
        "50" : 0.073624,
        "100" : 0.010000,
        "250" : 0.010000,
        "500" : 0.010000,
        "750" : 0.000000,
        "1000" : 0.000000,
        "2000" : 0.000000,
        ">=2000" : 0.000000
      },
      "latency_depth" : 1,
      "latency_target" : 0,
      "latency_percentile" : 100.000000,
      "latency_window" : 0
    }
  ]
}
