{
  "fio version" : "fio-3.41",
  "timestamp" : 1774619469,
  "timestamp_ms" : 1774619469340,
  "time" : "Fri Mar 27 09:51:09 2026",
  "jobs" : [
    {
      "jobname" : "test_1_read",
      "groupid" : 0,
      "job_start" : 1774618184441,
      "error" : 0,
      "eta" : 0,
      "elapsed" : 1286,
      "job options" : {
        "name" : "test_1_read",
        "filename" : "test1.junk",
        "size" : "10gb",
        "rw" : "read"
      },
      "read" : {
        "io_bytes" : 10737418240,
        "io_kbytes" : 10485760,
        "bw_bytes" : 8357086,
        "bw" : 8161,
        "iops" : 2040.304227,
        "runtime" : 1284828,
        "total_ios" : 2621440,
        "short_ios" : 0,
        "drop_ios" : 0,
        "slat_ns" : {
          "min" : 0,
          "max" : 0,
          "mean" : 0.000000,
          "stddev" : 0.000000,
          "N" : 0
        },
        "clat_ns" : {
          "min" : 261,
          "max" : 1783525200,
          "mean" : 489731.286406,
          "stddev" : 6253804.059884,
          "N" : 2621440,
          "percentile" : {
            "1.000000" : 306,
            "5.000000" : 310,
            "10.000000" : 314,
            "20.000000" : 326,
            "30.000000" : 366,
            "40.000000" : 450,
            "50.000000" : 804,
            "60.000000" : 1160,
            "70.000000" : 1384,
            "80.000000" : 1560,
            "90.000000" : 1880,
            "95.000000" : 2256,
            "99.000000" : 4947968,
            "99.500000" : 52166656,
            "99.900000" : 59506688,
            "99.950000" : 66846720,
            "99.990000" : 143654912
          }
        },
        "lat_ns" : {
          "min" : 278,
          "max" : 1783525256,
          "mean" : 489778.068622,
          "stddev" : 6253803.374394,
          "N" : 2621440
        },
        "bw_min" : 96,
        "bw_max" : 10260,
        "bw_agg" : 100.000000,
        "bw_mean" : 8252.909127,
        "bw_dev" : 1508.551554,
        "bw_samples" : 2542,
        "iops_min" : 24,
        "iops_max" : 2565,
        "iops_mean" : 2063.142014,
        "iops_stddev" : 377.124311,
        "iops_samples" : 2542
      },
      "write" : {
        "io_bytes" : 0,
        "io_kbytes" : 0,
        "bw_bytes" : 0,
        "bw" : 0,
        "iops" : 0.000000,
        "runtime" : 0,
        "total_ios" : 0,
        "short_ios" : 0,
        "drop_ios" : 0,
        "slat_ns" : {
          "min" : 0,
          "max" : 0,
          "mean" : 0.000000,
          "stddev" : 0.000000,
          "N" : 0
        },
        "clat_ns" : {
          "min" : 0,
          "max" : 0,
          "mean" : 0.000000,
          "stddev" : 0.000000,
          "N" : 0
        },
        "lat_ns" : {
          "min" : 0,
          "max" : 0,
          "mean" : 0.000000,
          "stddev" : 0.000000,
          "N" : 0
        },
        "bw_min" : 0,
        "bw_max" : 0,
        "bw_agg" : 0.000000,
        "bw_mean" : 0.000000,
        "bw_dev" : 0.000000,
        "bw_samples" : 0,
        "iops_min" : 0,
        "iops_max" : 0,
        "iops_mean" : 0.000000,
        "iops_stddev" : 0.000000,
        "iops_samples" : 0
      },
      "trim" : {
        "io_bytes" : 0,
        "io_kbytes" : 0,
        "bw_bytes" : 0,
        "bw" : 0,
        "iops" : 0.000000,
        "runtime" : 0,
        "total_ios" : 0,
        "short_ios" : 0,
        "drop_ios" : 0,
        "slat_ns" : {
          "min" : 0,
          "max" : 0,
          "mean" : 0.000000,
          "stddev" : 0.000000,
          "N" : 0
        },
        "clat_ns" : {
          "min" : 0,
          "max" : 0,
          "mean" : 0.000000,
          "stddev" : 0.000000,
          "N" : 0
        },
        "lat_ns" : {
          "min" : 0,
          "max" : 0,
          "mean" : 0.000000,
          "stddev" : 0.000000,
          "N" : 0
        },
        "bw_min" : 0,
        "bw_max" : 0,
        "bw_agg" : 0.000000,
        "bw_mean" : 0.000000,
        "bw_dev" : 0.000000,
        "bw_samples" : 0,
        "iops_min" : 0,
        "iops_max" : 0,
        "iops_mean" : 0.000000,
        "iops_stddev" : 0.000000,
        "iops_samples" : 0
      },
      "sync" : {
        "total_ios" : 0,
        "lat_ns" : {
          "min" : 0,
          "max" : 0,
          "mean" : 0.000000,
          "stddev" : 0.000000,
          "N" : 0
        }
      },
      "job_runtime" : 1284827,
      "usr_cpu" : 0.122662,
      "sys_cpu" : 0.530188,
      "ctx" : 42770,
      "majf" : 0,
      "minf" : 6,
      "iodepth_level" : {
        "1" : 100.000000,
        "2" : 0.000000,
        "4" : 0.000000,
        "8" : 0.000000,
        "16" : 0.000000,
        "32" : 0.000000,
        ">=64" : 0.000000
      },
      "iodepth_submit" : {
        "0" : 0.000000,
        "4" : 100.000000,
        "8" : 0.000000,
        "16" : 0.000000,
        "32" : 0.000000,
        "64" : 0.000000,
        ">=64" : 0.000000
      },
      "iodepth_complete" : {
        "0" : 0.000000,
        "4" : 100.000000,
        "8" : 0.000000,
        "16" : 0.000000,
        "32" : 0.000000,
        "64" : 0.000000,
        ">=64" : 0.000000
      },
      "latency_ns" : {
        "2" : 0.000000,
        "4" : 0.000000,
        "10" : 0.000000,
        "20" : 0.000000,
        "50" : 0.000000,
        "100" : 0.000000,
        "250" : 0.000000,
        "500" : 41.952362,
        "750" : 7.425308,
        "1000" : 4.706383
      },
      "latency_us" : {
        "2" : 38.323212,
        "4" : 5.090790,
        "10" : 0.777702,
        "20" : 0.062981,
        "50" : 0.053673,
        "100" : 0.010071,
        "250" : 0.046959,
        "500" : 0.026894,
        "750" : 0.021858,
        "1000" : 0.016937
      },
      "latency_ms" : {
        "2" : 0.098457,
        "4" : 0.287209,
        "10" : 0.219574,
        "20" : 0.043526,
        "50" : 0.213470,
        "100" : 0.602570,
        "250" : 0.018845,
        "500" : 0.010000,
        "750" : 0.010000,
        "1000" : 0.010000,
        "2000" : 0.010000,
        ">=2000" : 0.000000
      },
      "latency_depth" : 1,
      "latency_target" : 0,
      "latency_percentile" : 100.000000,
      "latency_window" : 0
    }
  ]
}
