{
  "fio version" : "fio-3.39",
  "timestamp" : 1775515299,
  "timestamp_ms" : 1775515299696,
  "time" : "Mon Apr  6 18:41:39 2026",
  "jobs" : [
    {
      "jobname" : "text_10_read",
      "groupid" : 0,
      "job_start" : 1775514026293,
      "error" : 0,
      "eta" : 0,
      "elapsed" : 1274,
      "job options" : {
        "name" : "text_10_read",
        "filename" : "test10.junk",
        "size" : "10gb",
        "rw" : "read"
      },
      "read" : {
        "io_bytes" : 10737418240,
        "io_kbytes" : 10485760,
        "bw_bytes" : 8432602,
        "bw" : 8234,
        "iops" : 2058.740837,
        "runtime" : 1273322,
        "total_ios" : 2621440,
        "short_ios" : 0,
        "drop_ios" : 0,
        "slat_ns" : {
          "min" : 0,
          "max" : 0,
          "mean" : 0.000000,
          "stddev" : 0.000000,
          "N" : 0
        },
        "clat_ns" : {
          "min" : 769,
          "max" : 449916756,
          "mean" : 485104.248433,
          "stddev" : 4829938.080571,
          "N" : 2621440,
          "percentile" : {
            "1.000000" : 964,
            "5.000000" : 972,
            "10.000000" : 980,
            "20.000000" : 996,
            "30.000000" : 1012,
            "40.000000" : 1032,
            "50.000000" : 1080,
            "60.000000" : 1896,
            "70.000000" : 3088,
            "80.000000" : 3120,
            "90.000000" : 3216,
            "95.000000" : 3952,
            "99.000000" : 8585216,
            "99.500000" : 53215232,
            "99.900000" : 57409536,
            "99.950000" : 58982400,
            "99.990000" : 65273856
          }
        },
        "lat_ns" : {
          "min" : 797,
          "max" : 449917704,
          "mean" : 485183.434507,
          "stddev" : 4829936.080899,
          "N" : 2621440
        },
        "bw_min" : 32,
        "bw_max" : 10240,
        "bw_agg" : 100.000000,
        "bw_mean" : 8238.799293,
        "bw_dev" : 596.496321,
        "bw_samples" : 2546,
        "iops_min" : 8,
        "iops_max" : 2560,
        "iops_mean" : 2059.681068,
        "iops_stddev" : 149.117537,
        "iops_samples" : 2546
      },
      "write" : {
        "io_bytes" : 0,
        "io_kbytes" : 0,
        "bw_bytes" : 0,
        "bw" : 0,
        "iops" : 0.000000,
        "runtime" : 0,
        "total_ios" : 0,
        "short_ios" : 0,
        "drop_ios" : 0,
        "slat_ns" : {
          "min" : 0,
          "max" : 0,
          "mean" : 0.000000,
          "stddev" : 0.000000,
          "N" : 0
        },
        "clat_ns" : {
          "min" : 0,
          "max" : 0,
          "mean" : 0.000000,
          "stddev" : 0.000000,
          "N" : 0
        },
        "lat_ns" : {
          "min" : 0,
          "max" : 0,
          "mean" : 0.000000,
          "stddev" : 0.000000,
          "N" : 0
        },
        "bw_min" : 0,
        "bw_max" : 0,
        "bw_agg" : 0.000000,
        "bw_mean" : 0.000000,
        "bw_dev" : 0.000000,
        "bw_samples" : 0,
        "iops_min" : 0,
        "iops_max" : 0,
        "iops_mean" : 0.000000,
        "iops_stddev" : 0.000000,
        "iops_samples" : 0
      },
      "trim" : {
        "io_bytes" : 0,
        "io_kbytes" : 0,
        "bw_bytes" : 0,
        "bw" : 0,
        "iops" : 0.000000,
        "runtime" : 0,
        "total_ios" : 0,
        "short_ios" : 0,
        "drop_ios" : 0,
        "slat_ns" : {
          "min" : 0,
          "max" : 0,
          "mean" : 0.000000,
          "stddev" : 0.000000,
          "N" : 0
        },
        "clat_ns" : {
          "min" : 0,
          "max" : 0,
          "mean" : 0.000000,
          "stddev" : 0.000000,
          "N" : 0
        },
        "lat_ns" : {
          "min" : 0,
          "max" : 0,
          "mean" : 0.000000,
          "stddev" : 0.000000,
          "N" : 0
        },
        "bw_min" : 0,
        "bw_max" : 0,
        "bw_agg" : 0.000000,
        "bw_mean" : 0.000000,
        "bw_dev" : 0.000000,
        "bw_samples" : 0,
        "iops_min" : 0,
        "iops_max" : 0,
        "iops_mean" : 0.000000,
        "iops_stddev" : 0.000000,
        "iops_samples" : 0
      },
      "sync" : {
        "total_ios" : 0,
        "lat_ns" : {
          "min" : 0,
          "max" : 0,
          "mean" : 0.000000,
          "stddev" : 0.000000,
          "N" : 0
        }
      },
      "job_runtime" : 1273321,
      "usr_cpu" : 0.326391,
      "sys_cpu" : 0.613043,
      "ctx" : 42817,
      "majf" : 0,
      "minf" : 11,
      "iodepth_level" : {
        "1" : 100.000000,
        "2" : 0.000000,
        "4" : 0.000000,
        "8" : 0.000000,
        "16" : 0.000000,
        "32" : 0.000000,
        ">=64" : 0.000000
      },
      "iodepth_submit" : {
        "0" : 0.000000,
        "4" : 100.000000,
        "8" : 0.000000,
        "16" : 0.000000,
        "32" : 0.000000,
        "64" : 0.000000,
        ">=64" : 0.000000
      },
      "iodepth_complete" : {
        "0" : 0.000000,
        "4" : 100.000000,
        "8" : 0.000000,
        "16" : 0.000000,
        "32" : 0.000000,
        "64" : 0.000000,
        ">=64" : 0.000000
      },
      "latency_ns" : {
        "2" : 0.000000,
        "4" : 0.000000,
        "10" : 0.000000,
        "20" : 0.000000,
        "50" : 0.000000,
        "100" : 0.000000,
        "250" : 0.000000,
        "500" : 0.000000,
        "750" : 0.000000,
        "1000" : 22.234917
      },
      "latency_us" : {
        "2" : 37.812767,
        "4" : 35.063210,
        "10" : 3.045578,
        "20" : 0.190926,
        "50" : 0.043411,
        "100" : 0.016594,
        "250" : 0.029678,
        "500" : 0.010000,
        "750" : 0.010000,
        "1000" : 0.000000
      },
      "latency_ms" : {
        "2" : 0.010000,
        "4" : 0.010000,
        "10" : 0.668411,
        "20" : 0.091591,
        "50" : 0.191307,
        "100" : 0.607376,
        "250" : 0.010000,
        "500" : 0.010000,
        "750" : 0.000000,
        "1000" : 0.000000,
        "2000" : 0.000000,
        ">=2000" : 0.000000
      },
      "latency_depth" : 1,
      "latency_target" : 0,
      "latency_percentile" : 100.000000,
      "latency_window" : 0
    }
  ]
}
