{
  "fio version" : "fio-3.41",
  "timestamp" : 1774635400,
  "timestamp_ms" : 1774635400503,
  "time" : "Fri Mar 27 14:16:40 2026",
  "jobs" : [
    {
      "jobname" : "text_9_write",
      "groupid" : 0,
      "job_start" : 1774635189375,
      "error" : 0,
      "eta" : 0,
      "elapsed" : 212,
      "job options" : {
        "name" : "text_9_write",
        "filename" : "test9.junk",
        "size" : "10gb",
        "rw" : "write"
      },
      "read" : {
        "io_bytes" : 0,
        "io_kbytes" : 0,
        "bw_bytes" : 0,
        "bw" : 0,
        "iops" : 0.000000,
        "runtime" : 0,
        "total_ios" : 0,
        "short_ios" : 0,
        "drop_ios" : 0,
        "slat_ns" : {
          "min" : 0,
          "max" : 0,
          "mean" : 0.000000,
          "stddev" : 0.000000,
          "N" : 0
        },
        "clat_ns" : {
          "min" : 0,
          "max" : 0,
          "mean" : 0.000000,
          "stddev" : 0.000000,
          "N" : 0
        },
        "lat_ns" : {
          "min" : 0,
          "max" : 0,
          "mean" : 0.000000,
          "stddev" : 0.000000,
          "N" : 0
        },
        "bw_min" : 0,
        "bw_max" : 0,
        "bw_agg" : 0.000000,
        "bw_mean" : 0.000000,
        "bw_dev" : 0.000000,
        "bw_samples" : 0,
        "iops_min" : 0,
        "iops_max" : 0,
        "iops_mean" : 0.000000,
        "iops_stddev" : 0.000000,
        "iops_samples" : 0
      },
      "write" : {
        "io_bytes" : 10737418240,
        "io_kbytes" : 10485760,
        "bw_bytes" : 50905850,
        "bw" : 49712,
        "iops" : 12428.186055,
        "runtime" : 210927,
        "total_ios" : 2621440,
        "short_ios" : 0,
        "drop_ios" : 0,
        "slat_ns" : {
          "min" : 0,
          "max" : 0,
          "mean" : 0.000000,
          "stddev" : 0.000000,
          "N" : 0
        },
        "clat_ns" : {
          "min" : 4919,
          "max" : 279333933,
          "mean" : 80159.384097,
          "stddev" : 666313.434856,
          "N" : 2621440,
          "percentile" : {
            "1.000000" : 6368,
            "5.000000" : 6560,
            "10.000000" : 6752,
            "20.000000" : 7264,
            "30.000000" : 9792,
            "40.000000" : 10176,
            "50.000000" : 10432,
            "60.000000" : 10688,
            "70.000000" : 11200,
            "80.000000" : 12864,
            "90.000000" : 17280,
            "95.000000" : 51968,
            "99.000000" : 2801664,
            "99.500000" : 4079616,
            "99.900000" : 7503872,
            "99.950000" : 9502720,
            "99.990000" : 14090240
          }
        },
        "lat_ns" : {
          "min" : 4947,
          "max" : 279334023,
          "mean" : 80199.811677,
          "stddev" : 666313.147902,
          "N" : 2621440
        },
        "bw_min" : 4976,
        "bw_max" : 53248,
        "bw_agg" : 100.000000,
        "bw_mean" : 49742.175772,
        "bw_dev" : 3885.925375,
        "bw_samples" : 421,
        "iops_min" : 1244,
        "iops_max" : 13312,
        "iops_mean" : 12435.543943,
        "iops_stddev" : 971.481344,
        "iops_samples" : 421
      },
      "trim" : {
        "io_bytes" : 0,
        "io_kbytes" : 0,
        "bw_bytes" : 0,
        "bw" : 0,
        "iops" : 0.000000,
        "runtime" : 0,
        "total_ios" : 0,
        "short_ios" : 0,
        "drop_ios" : 0,
        "slat_ns" : {
          "min" : 0,
          "max" : 0,
          "mean" : 0.000000,
          "stddev" : 0.000000,
          "N" : 0
        },
        "clat_ns" : {
          "min" : 0,
          "max" : 0,
          "mean" : 0.000000,
          "stddev" : 0.000000,
          "N" : 0
        },
        "lat_ns" : {
          "min" : 0,
          "max" : 0,
          "mean" : 0.000000,
          "stddev" : 0.000000,
          "N" : 0
        },
        "bw_min" : 0,
        "bw_max" : 0,
        "bw_agg" : 0.000000,
        "bw_mean" : 0.000000,
        "bw_dev" : 0.000000,
        "bw_samples" : 0,
        "iops_min" : 0,
        "iops_max" : 0,
        "iops_mean" : 0.000000,
        "iops_stddev" : 0.000000,
        "iops_samples" : 0
      },
      "sync" : {
        "total_ios" : 0,
        "lat_ns" : {
          "min" : 0,
          "max" : 0,
          "mean" : 0.000000,
          "stddev" : 0.000000,
          "N" : 0
        }
      },
      "job_runtime" : 210926,
      "usr_cpu" : 0.729166,
      "sys_cpu" : 3.180262,
      "ctx" : 2621697,
      "majf" : 0,
      "minf" : 12,
      "iodepth_level" : {
        "1" : 100.000000,
        "2" : 0.000000,
        "4" : 0.000000,
        "8" : 0.000000,
        "16" : 0.000000,
        "32" : 0.000000,
        ">=64" : 0.000000
      },
      "iodepth_submit" : {
        "0" : 0.000000,
        "4" : 100.000000,
        "8" : 0.000000,
        "16" : 0.000000,
        "32" : 0.000000,
        "64" : 0.000000,
        ">=64" : 0.000000
      },
      "iodepth_complete" : {
        "0" : 0.000000,
        "4" : 100.000000,
        "8" : 0.000000,
        "16" : 0.000000,
        "32" : 0.000000,
        "64" : 0.000000,
        ">=64" : 0.000000
      },
      "latency_ns" : {
        "2" : 0.000000,
        "4" : 0.000000,
        "10" : 0.000000,
        "20" : 0.000000,
        "50" : 0.000000,
        "100" : 0.000000,
        "250" : 0.000000,
        "500" : 0.000000,
        "750" : 0.000000,
        "1000" : 0.000000
      },
      "latency_us" : {
        "2" : 0.000000,
        "4" : 0.000000,
        "10" : 33.941765,
        "20" : 56.915359,
        "50" : 3.925591,
        "100" : 2.711143,
        "250" : 0.416870,
        "500" : 0.187073,
        "750" : 0.042725,
        "1000" : 0.049057
      },
      "latency_ms" : {
        "2" : 0.330048,
        "4" : 0.966110,
        "10" : 0.472221,
        "20" : 0.038147,
        "50" : 0.010000,
        "100" : 0.010000,
        "250" : 0.010000,
        "500" : 0.010000,
        "750" : 0.000000,
        "1000" : 0.000000,
        "2000" : 0.000000,
        ">=2000" : 0.000000
      },
      "latency_depth" : 1,
      "latency_target" : 0,
      "latency_percentile" : 100.000000,
      "latency_window" : 0
    }
  ]
}
