{
  "fio version" : "fio-3.41",
  "timestamp" : 1774627651,
  "timestamp_ms" : 1774627651562,
  "time" : "Fri Mar 27 12:07:31 2026",
  "jobs" : [
    {
      "jobname" : "text_5_write",
      "groupid" : 0,
      "job_start" : 1774627320359,
      "error" : 0,
      "eta" : 0,
      "elapsed" : 332,
      "job options" : {
        "name" : "text_5_write",
        "filename" : "test5.junk",
        "size" : "10gb",
        "rw" : "write"
      },
      "read" : {
        "io_bytes" : 0,
        "io_kbytes" : 0,
        "bw_bytes" : 0,
        "bw" : 0,
        "iops" : 0.000000,
        "runtime" : 0,
        "total_ios" : 0,
        "short_ios" : 0,
        "drop_ios" : 0,
        "slat_ns" : {
          "min" : 0,
          "max" : 0,
          "mean" : 0.000000,
          "stddev" : 0.000000,
          "N" : 0
        },
        "clat_ns" : {
          "min" : 0,
          "max" : 0,
          "mean" : 0.000000,
          "stddev" : 0.000000,
          "N" : 0
        },
        "lat_ns" : {
          "min" : 0,
          "max" : 0,
          "mean" : 0.000000,
          "stddev" : 0.000000,
          "N" : 0
        },
        "bw_min" : 0,
        "bw_max" : 0,
        "bw_agg" : 0.000000,
        "bw_mean" : 0.000000,
        "bw_dev" : 0.000000,
        "bw_samples" : 0,
        "iops_min" : 0,
        "iops_max" : 0,
        "iops_mean" : 0.000000,
        "iops_stddev" : 0.000000,
        "iops_samples" : 0
      },
      "write" : {
        "io_bytes" : 10737418240,
        "io_kbytes" : 10485760,
        "bw_bytes" : 32425125,
        "bw" : 31665,
        "iops" : 7916.290447,
        "runtime" : 331145,
        "total_ios" : 2621440,
        "short_ios" : 0,
        "drop_ios" : 0,
        "slat_ns" : {
          "min" : 0,
          "max" : 0,
          "mean" : 0.000000,
          "stddev" : 0.000000,
          "N" : 0
        },
        "clat_ns" : {
          "min" : 5286,
          "max" : 1918163505,
          "mean" : 125982.721461,
          "stddev" : 2489105.118066,
          "N" : 2621440,
          "percentile" : {
            "1.000000" : 6368,
            "5.000000" : 6688,
            "10.000000" : 7136,
            "20.000000" : 9792,
            "30.000000" : 10176,
            "40.000000" : 10304,
            "50.000000" : 10560,
            "60.000000" : 10816,
            "70.000000" : 12096,
            "80.000000" : 13504,
            "90.000000" : 23936,
            "95.000000" : 58624,
            "99.000000" : 3063808,
            "99.500000" : 5996544,
            "99.900000" : 19791872,
            "99.950000" : 30015488,
            "99.990000" : 65273856
          }
        },
        "lat_ns" : {
          "min" : 5315,
          "max" : 1918163532,
          "mean" : 126029.012123,
          "stddev" : 2489105.114526,
          "N" : 2621440
        },
        "bw_min" : 192,
        "bw_max" : 50520,
        "bw_agg" : 100.000000,
        "bw_mean" : 31954.051908,
        "bw_dev" : 13531.699900,
        "bw_samples" : 655,
        "iops_min" : 48,
        "iops_max" : 12630,
        "iops_mean" : 7988.511450,
        "iops_stddev" : 3382.925086,
        "iops_samples" : 655
      },
      "trim" : {
        "io_bytes" : 0,
        "io_kbytes" : 0,
        "bw_bytes" : 0,
        "bw" : 0,
        "iops" : 0.000000,
        "runtime" : 0,
        "total_ios" : 0,
        "short_ios" : 0,
        "drop_ios" : 0,
        "slat_ns" : {
          "min" : 0,
          "max" : 0,
          "mean" : 0.000000,
          "stddev" : 0.000000,
          "N" : 0
        },
        "clat_ns" : {
          "min" : 0,
          "max" : 0,
          "mean" : 0.000000,
          "stddev" : 0.000000,
          "N" : 0
        },
        "lat_ns" : {
          "min" : 0,
          "max" : 0,
          "mean" : 0.000000,
          "stddev" : 0.000000,
          "N" : 0
        },
        "bw_min" : 0,
        "bw_max" : 0,
        "bw_agg" : 0.000000,
        "bw_mean" : 0.000000,
        "bw_dev" : 0.000000,
        "bw_samples" : 0,
        "iops_min" : 0,
        "iops_max" : 0,
        "iops_mean" : 0.000000,
        "iops_stddev" : 0.000000,
        "iops_samples" : 0
      },
      "sync" : {
        "total_ios" : 0,
        "lat_ns" : {
          "min" : 0,
          "max" : 0,
          "mean" : 0.000000,
          "stddev" : 0.000000,
          "N" : 0
        }
      },
      "job_runtime" : 331144,
      "usr_cpu" : 0.489817,
      "sys_cpu" : 2.276955,
      "ctx" : 2621877,
      "majf" : 0,
      "minf" : 9,
      "iodepth_level" : {
        "1" : 100.000000,
        "2" : 0.000000,
        "4" : 0.000000,
        "8" : 0.000000,
        "16" : 0.000000,
        "32" : 0.000000,
        ">=64" : 0.000000
      },
      "iodepth_submit" : {
        "0" : 0.000000,
        "4" : 100.000000,
        "8" : 0.000000,
        "16" : 0.000000,
        "32" : 0.000000,
        "64" : 0.000000,
        ">=64" : 0.000000
      },
      "iodepth_complete" : {
        "0" : 0.000000,
        "4" : 100.000000,
        "8" : 0.000000,
        "16" : 0.000000,
        "32" : 0.000000,
        "64" : 0.000000,
        ">=64" : 0.000000
      },
      "latency_ns" : {
        "2" : 0.000000,
        "4" : 0.000000,
        "10" : 0.000000,
        "20" : 0.000000,
        "50" : 0.000000,
        "100" : 0.000000,
        "250" : 0.000000,
        "500" : 0.000000,
        "750" : 0.000000,
        "1000" : 0.000000
      },
      "latency_us" : {
        "2" : 0.000000,
        "4" : 0.000000,
        "10" : 24.859581,
        "20" : 63.343849,
        "50" : 5.561485,
        "100" : 3.570862,
        "250" : 1.104622,
        "500" : 0.195312,
        "750" : 0.020638,
        "1000" : 0.016518
      },
      "latency_ms" : {
        "2" : 0.101089,
        "4" : 0.408516,
        "10" : 0.571442,
        "20" : 0.147591,
        "50" : 0.081329,
        "100" : 0.013924,
        "250" : 0.010000,
        "500" : 0.010000,
        "750" : 0.010000,
        "1000" : 0.010000,
        "2000" : 0.010000,
        ">=2000" : 0.000000
      },
      "latency_depth" : 1,
      "latency_target" : 0,
      "latency_percentile" : 100.000000,
      "latency_window" : 0
    }
  ]
}
