{
  "fio version" : "fio-3.39",
  "timestamp" : 1775236756,
  "timestamp_ms" : 1775236756697,
  "time" : "Fri Apr  3 13:19:16 2026",
  "jobs" : [
    {
      "jobname" : "test_8_read",
      "groupid" : 0,
      "job_start" : 1775235148300,
      "error" : 0,
      "eta" : 0,
      "elapsed" : 1609,
      "job options" : {
        "name" : "test_8_read",
        "filename" : "test8.junk",
        "size" : "10gb",
        "rw" : "read"
      },
      "read" : {
        "io_bytes" : 10737418240,
        "io_kbytes" : 10485760,
        "bw_bytes" : 6675838,
        "bw" : 6519,
        "iops" : 1629.843323,
        "runtime" : 1608400,
        "total_ios" : 2621440,
        "short_ios" : 0,
        "drop_ios" : 0,
        "slat_ns" : {
          "min" : 0,
          "max" : 0,
          "mean" : 0.000000,
          "stddev" : 0.000000,
          "N" : 0
        },
        "clat_ns" : {
          "min" : 769,
          "max" : 1580801327,
          "mean" : 612927.478083,
          "stddev" : 5927215.370515,
          "N" : 2621440,
          "percentile" : {
            "1.000000" : 964,
            "5.000000" : 972,
            "10.000000" : 980,
            "20.000000" : 996,
            "30.000000" : 1012,
            "40.000000" : 1032,
            "50.000000" : 1064,
            "60.000000" : 2992,
            "70.000000" : 3088,
            "80.000000" : 3152,
            "90.000000" : 3216,
            "95.000000" : 4128,
            "99.000000" : 26345472,
            "99.500000" : 47448064,
            "99.900000" : 71827456,
            "99.950000" : 82313216,
            "99.990000" : 130547712
          }
        },
        "lat_ns" : {
          "min" : 799,
          "max" : 1580801361,
          "mean" : 613004.860878,
          "stddev" : 5927214.199115,
          "N" : 2621440
        },
        "bw_min" : 512,
        "bw_max" : 9747,
        "bw_agg" : 100.000000,
        "bw_mean" : 6538.634975,
        "bw_dev" : 1303.339327,
        "bw_samples" : 3208,
        "iops_min" : 128,
        "iops_max" : 2436,
        "iops_mean" : 1634.600998,
        "iops_stddev" : 325.833360,
        "iops_samples" : 3208
      },
      "write" : {
        "io_bytes" : 0,
        "io_kbytes" : 0,
        "bw_bytes" : 0,
        "bw" : 0,
        "iops" : 0.000000,
        "runtime" : 0,
        "total_ios" : 0,
        "short_ios" : 0,
        "drop_ios" : 0,
        "slat_ns" : {
          "min" : 0,
          "max" : 0,
          "mean" : 0.000000,
          "stddev" : 0.000000,
          "N" : 0
        },
        "clat_ns" : {
          "min" : 0,
          "max" : 0,
          "mean" : 0.000000,
          "stddev" : 0.000000,
          "N" : 0
        },
        "lat_ns" : {
          "min" : 0,
          "max" : 0,
          "mean" : 0.000000,
          "stddev" : 0.000000,
          "N" : 0
        },
        "bw_min" : 0,
        "bw_max" : 0,
        "bw_agg" : 0.000000,
        "bw_mean" : 0.000000,
        "bw_dev" : 0.000000,
        "bw_samples" : 0,
        "iops_min" : 0,
        "iops_max" : 0,
        "iops_mean" : 0.000000,
        "iops_stddev" : 0.000000,
        "iops_samples" : 0
      },
      "trim" : {
        "io_bytes" : 0,
        "io_kbytes" : 0,
        "bw_bytes" : 0,
        "bw" : 0,
        "iops" : 0.000000,
        "runtime" : 0,
        "total_ios" : 0,
        "short_ios" : 0,
        "drop_ios" : 0,
        "slat_ns" : {
          "min" : 0,
          "max" : 0,
          "mean" : 0.000000,
          "stddev" : 0.000000,
          "N" : 0
        },
        "clat_ns" : {
          "min" : 0,
          "max" : 0,
          "mean" : 0.000000,
          "stddev" : 0.000000,
          "N" : 0
        },
        "lat_ns" : {
          "min" : 0,
          "max" : 0,
          "mean" : 0.000000,
          "stddev" : 0.000000,
          "N" : 0
        },
        "bw_min" : 0,
        "bw_max" : 0,
        "bw_agg" : 0.000000,
        "bw_mean" : 0.000000,
        "bw_dev" : 0.000000,
        "bw_samples" : 0,
        "iops_min" : 0,
        "iops_max" : 0,
        "iops_mean" : 0.000000,
        "iops_stddev" : 0.000000,
        "iops_samples" : 0
      },
      "sync" : {
        "total_ios" : 0,
        "lat_ns" : {
          "min" : 0,
          "max" : 0,
          "mean" : 0.000000,
          "stddev" : 0.000000,
          "N" : 0
        }
      },
      "job_runtime" : 1608399,
      "usr_cpu" : 0.266165,
      "sys_cpu" : 0.482343,
      "ctx" : 43153,
      "majf" : 0,
      "minf" : 10,
      "iodepth_level" : {
        "1" : 100.000000,
        "2" : 0.000000,
        "4" : 0.000000,
        "8" : 0.000000,
        "16" : 0.000000,
        "32" : 0.000000,
        ">=64" : 0.000000
      },
      "iodepth_submit" : {
        "0" : 0.000000,
        "4" : 100.000000,
        "8" : 0.000000,
        "16" : 0.000000,
        "32" : 0.000000,
        "64" : 0.000000,
        ">=64" : 0.000000
      },
      "iodepth_complete" : {
        "0" : 0.000000,
        "4" : 100.000000,
        "8" : 0.000000,
        "16" : 0.000000,
        "32" : 0.000000,
        "64" : 0.000000,
        ">=64" : 0.000000
      },
      "latency_ns" : {
        "2" : 0.000000,
        "4" : 0.000000,
        "10" : 0.000000,
        "20" : 0.000000,
        "50" : 0.000000,
        "100" : 0.000000,
        "250" : 0.000000,
        "500" : 0.000000,
        "750" : 0.000000,
        "1000" : 22.821007
      },
      "latency_us" : {
        "2" : 36.772995,
        "4" : 34.945641,
        "10" : 3.480911,
        "20" : 0.312271,
        "50" : 0.044746,
        "100" : 0.016251,
        "250" : 0.042648,
        "500" : 0.010000,
        "750" : 0.010000,
        "1000" : 0.010000
      },
      "latency_ms" : {
        "2" : 0.010000,
        "4" : 0.000000,
        "10" : 0.022469,
        "20" : 0.326347,
        "50" : 0.768013,
        "100" : 0.422058,
        "250" : 0.021820,
        "500" : 0.010000,
        "750" : 0.010000,
        "1000" : 0.000000,
        "2000" : 0.010000,
        ">=2000" : 0.000000
      },
      "latency_depth" : 1,
      "latency_target" : 0,
      "latency_percentile" : 100.000000,
      "latency_window" : 0
    }
  ]
}
