{
  "fio version" : "fio-3.41",
  "timestamp" : 1776182380,
  "timestamp_ms" : 1776182380186,
  "time" : "Tue Apr 14 11:59:40 2026",
  "jobs" : [
    {
      "jobname" : "text_1_read",
      "groupid" : 0,
      "job_start" : 1776181138289,
      "error" : 0,
      "eta" : 0,
      "elapsed" : 1243,
      "job options" : {
        "name" : "text_1_read",
        "filename" : "test1.junk",
        "size" : "10gb",
        "rw" : "read"
      },
      "read" : {
        "io_bytes" : 10737418240,
        "io_kbytes" : 10485760,
        "bw_bytes" : 8647401,
        "bw" : 8444,
        "iops" : 2111.182072,
        "runtime" : 1241693,
        "total_ios" : 2621440,
        "short_ios" : 0,
        "drop_ios" : 0,
        "slat_ns" : {
          "min" : 0,
          "max" : 0,
          "mean" : 0.000000,
          "stddev" : 0.000000,
          "N" : 0
        },
        "clat_ns" : {
          "min" : 744,
          "max" : 800484313,
          "mean" : 472905.663068,
          "stddev" : 4756097.333291,
          "N" : 2621440,
          "percentile" : {
            "1.000000" : 2128,
            "5.000000" : 2192,
            "10.000000" : 2256,
            "20.000000" : 2384,
            "30.000000" : 2448,
            "40.000000" : 2576,
            "50.000000" : 2640,
            "60.000000" : 2736,
            "70.000000" : 2896,
            "80.000000" : 2960,
            "90.000000" : 3056,
            "95.000000" : 3632,
            "99.000000" : 7241728,
            "99.500000" : 50593792,
            "99.900000" : 55836672,
            "99.950000" : 57933824,
            "99.990000" : 70778880
          }
        },
        "lat_ns" : {
          "min" : 768,
          "max" : 800484386,
          "mean" : 473000.594403,
          "stddev" : 4756096.117554,
          "N" : 2621440
        },
        "bw_min" : 1026,
        "bw_max" : 10240,
        "bw_agg" : 100.000000,
        "bw_mean" : 8454.067687,
        "bw_dev" : 982.543429,
        "bw_samples" : 2482,
        "iops_min" : 256,
        "iops_max" : 2560,
        "iops_mean" : 2113.441579,
        "iops_stddev" : 245.626373,
        "iops_samples" : 2482
      },
      "write" : {
        "io_bytes" : 0,
        "io_kbytes" : 0,
        "bw_bytes" : 0,
        "bw" : 0,
        "iops" : 0.000000,
        "runtime" : 0,
        "total_ios" : 0,
        "short_ios" : 0,
        "drop_ios" : 0,
        "slat_ns" : {
          "min" : 0,
          "max" : 0,
          "mean" : 0.000000,
          "stddev" : 0.000000,
          "N" : 0
        },
        "clat_ns" : {
          "min" : 0,
          "max" : 0,
          "mean" : 0.000000,
          "stddev" : 0.000000,
          "N" : 0
        },
        "lat_ns" : {
          "min" : 0,
          "max" : 0,
          "mean" : 0.000000,
          "stddev" : 0.000000,
          "N" : 0
        },
        "bw_min" : 0,
        "bw_max" : 0,
        "bw_agg" : 0.000000,
        "bw_mean" : 0.000000,
        "bw_dev" : 0.000000,
        "bw_samples" : 0,
        "iops_min" : 0,
        "iops_max" : 0,
        "iops_mean" : 0.000000,
        "iops_stddev" : 0.000000,
        "iops_samples" : 0
      },
      "trim" : {
        "io_bytes" : 0,
        "io_kbytes" : 0,
        "bw_bytes" : 0,
        "bw" : 0,
        "iops" : 0.000000,
        "runtime" : 0,
        "total_ios" : 0,
        "short_ios" : 0,
        "drop_ios" : 0,
        "slat_ns" : {
          "min" : 0,
          "max" : 0,
          "mean" : 0.000000,
          "stddev" : 0.000000,
          "N" : 0
        },
        "clat_ns" : {
          "min" : 0,
          "max" : 0,
          "mean" : 0.000000,
          "stddev" : 0.000000,
          "N" : 0
        },
        "lat_ns" : {
          "min" : 0,
          "max" : 0,
          "mean" : 0.000000,
          "stddev" : 0.000000,
          "N" : 0
        },
        "bw_min" : 0,
        "bw_max" : 0,
        "bw_agg" : 0.000000,
        "bw_mean" : 0.000000,
        "bw_dev" : 0.000000,
        "bw_samples" : 0,
        "iops_min" : 0,
        "iops_max" : 0,
        "iops_mean" : 0.000000,
        "iops_stddev" : 0.000000,
        "iops_samples" : 0
      },
      "sync" : {
        "total_ios" : 0,
        "lat_ns" : {
          "min" : 0,
          "max" : 0,
          "mean" : 0.000000,
          "stddev" : 0.000000,
          "N" : 0
        }
      },
      "job_runtime" : 1241692,
      "usr_cpu" : 0.383106,
      "sys_cpu" : 1.019899,
      "ctx" : 43698,
      "majf" : 0,
      "minf" : 13,
      "iodepth_level" : {
        "1" : 100.000000,
        "2" : 0.000000,
        "4" : 0.000000,
        "8" : 0.000000,
        "16" : 0.000000,
        "32" : 0.000000,
        ">=64" : 0.000000
      },
      "iodepth_submit" : {
        "0" : 0.000000,
        "4" : 100.000000,
        "8" : 0.000000,
        "16" : 0.000000,
        "32" : 0.000000,
        "64" : 0.000000,
        ">=64" : 0.000000
      },
      "iodepth_complete" : {
        "0" : 0.000000,
        "4" : 100.000000,
        "8" : 0.000000,
        "16" : 0.000000,
        "32" : 0.000000,
        "64" : 0.000000,
        ">=64" : 0.000000
      },
      "latency_ns" : {
        "2" : 0.000000,
        "4" : 0.000000,
        "10" : 0.000000,
        "20" : 0.000000,
        "50" : 0.000000,
        "100" : 0.000000,
        "250" : 0.000000,
        "500" : 0.000000,
        "750" : 0.010000,
        "1000" : 0.078888
      },
      "latency_us" : {
        "2" : 0.288734,
        "4" : 95.284424,
        "10" : 2.400475,
        "20" : 0.072594,
        "50" : 0.253677,
        "100" : 0.015640,
        "250" : 0.041542,
        "500" : 0.010000,
        "750" : 0.010000,
        "1000" : 0.010000
      },
      "latency_ms" : {
        "2" : 0.010000,
        "4" : 0.012131,
        "10" : 0.665741,
        "20" : 0.040054,
        "50" : 0.315590,
        "100" : 0.523796,
        "250" : 0.010000,
        "500" : 0.000000,
        "750" : 0.010000,
        "1000" : 0.010000,
        "2000" : 0.000000,
        ">=2000" : 0.000000
      },
      "latency_depth" : 1,
      "latency_target" : 0,
      "latency_percentile" : 100.000000,
      "latency_window" : 0
    }
  ]
}
