{
  "fio version" : "fio-3.41",
  "timestamp" : 1774622925,
  "timestamp_ms" : 1774622925115,
  "time" : "Fri Mar 27 10:48:45 2026",
  "jobs" : [
    {
      "jobname" : "test_3_read",
      "groupid" : 0,
      "job_start" : 1774621655717,
      "error" : 0,
      "eta" : 0,
      "elapsed" : 1270,
      "job options" : {
        "name" : "test_3_read",
        "filename" : "test3.junk",
        "size" : "10gb",
        "rw" : "read"
      },
      "read" : {
        "io_bytes" : 10737418240,
        "io_kbytes" : 10485760,
        "bw_bytes" : 8459349,
        "bw" : 8261,
        "iops" : 2065.270827,
        "runtime" : 1269296,
        "total_ios" : 2621440,
        "short_ios" : 0,
        "drop_ios" : 0,
        "slat_ns" : {
          "min" : 0,
          "max" : 0,
          "mean" : 0.000000,
          "stddev" : 0.000000,
          "N" : 0
        },
        "clat_ns" : {
          "min" : 234,
          "max" : 1783703463,
          "mean" : 483805.941716,
          "stddev" : 6309634.589436,
          "N" : 2621440,
          "percentile" : {
            "1.000000" : 278,
            "5.000000" : 286,
            "10.000000" : 290,
            "20.000000" : 298,
            "30.000000" : 386,
            "40.000000" : 490,
            "50.000000" : 860,
            "60.000000" : 1128,
            "70.000000" : 1304,
            "80.000000" : 1480,
            "90.000000" : 1816,
            "95.000000" : 2224,
            "99.000000" : 4882432,
            "99.500000" : 52690944,
            "99.900000" : 59506688,
            "99.950000" : 64225280,
            "99.990000" : 135266304
          }
        },
        "lat_ns" : {
          "min" : 252,
          "max" : 1783703479,
          "mean" : 483854.508803,
          "stddev" : 6309633.920333,
          "N" : 2621440
        },
        "bw_min" : 512,
        "bw_max" : 10240,
        "bw_agg" : 100.000000,
        "bw_mean" : 8378.184505,
        "bw_dev" : 1272.501989,
        "bw_samples" : 2504,
        "iops_min" : 128,
        "iops_max" : 2560,
        "iops_mean" : 2094.475639,
        "iops_stddev" : 318.117325,
        "iops_samples" : 2504
      },
      "write" : {
        "io_bytes" : 0,
        "io_kbytes" : 0,
        "bw_bytes" : 0,
        "bw" : 0,
        "iops" : 0.000000,
        "runtime" : 0,
        "total_ios" : 0,
        "short_ios" : 0,
        "drop_ios" : 0,
        "slat_ns" : {
          "min" : 0,
          "max" : 0,
          "mean" : 0.000000,
          "stddev" : 0.000000,
          "N" : 0
        },
        "clat_ns" : {
          "min" : 0,
          "max" : 0,
          "mean" : 0.000000,
          "stddev" : 0.000000,
          "N" : 0
        },
        "lat_ns" : {
          "min" : 0,
          "max" : 0,
          "mean" : 0.000000,
          "stddev" : 0.000000,
          "N" : 0
        },
        "bw_min" : 0,
        "bw_max" : 0,
        "bw_agg" : 0.000000,
        "bw_mean" : 0.000000,
        "bw_dev" : 0.000000,
        "bw_samples" : 0,
        "iops_min" : 0,
        "iops_max" : 0,
        "iops_mean" : 0.000000,
        "iops_stddev" : 0.000000,
        "iops_samples" : 0
      },
      "trim" : {
        "io_bytes" : 0,
        "io_kbytes" : 0,
        "bw_bytes" : 0,
        "bw" : 0,
        "iops" : 0.000000,
        "runtime" : 0,
        "total_ios" : 0,
        "short_ios" : 0,
        "drop_ios" : 0,
        "slat_ns" : {
          "min" : 0,
          "max" : 0,
          "mean" : 0.000000,
          "stddev" : 0.000000,
          "N" : 0
        },
        "clat_ns" : {
          "min" : 0,
          "max" : 0,
          "mean" : 0.000000,
          "stddev" : 0.000000,
          "N" : 0
        },
        "lat_ns" : {
          "min" : 0,
          "max" : 0,
          "mean" : 0.000000,
          "stddev" : 0.000000,
          "N" : 0
        },
        "bw_min" : 0,
        "bw_max" : 0,
        "bw_agg" : 0.000000,
        "bw_mean" : 0.000000,
        "bw_dev" : 0.000000,
        "bw_samples" : 0,
        "iops_min" : 0,
        "iops_max" : 0,
        "iops_mean" : 0.000000,
        "iops_stddev" : 0.000000,
        "iops_samples" : 0
      },
      "sync" : {
        "total_ios" : 0,
        "lat_ns" : {
          "min" : 0,
          "max" : 0,
          "mean" : 0.000000,
          "stddev" : 0.000000,
          "N" : 0
        }
      },
      "job_runtime" : 1269295,
      "usr_cpu" : 0.136139,
      "sys_cpu" : 0.532106,
      "ctx" : 42735,
      "majf" : 0,
      "minf" : 10,
      "iodepth_level" : {
        "1" : 100.000000,
        "2" : 0.000000,
        "4" : 0.000000,
        "8" : 0.000000,
        "16" : 0.000000,
        "32" : 0.000000,
        ">=64" : 0.000000
      },
      "iodepth_submit" : {
        "0" : 0.000000,
        "4" : 100.000000,
        "8" : 0.000000,
        "16" : 0.000000,
        "32" : 0.000000,
        "64" : 0.000000,
        ">=64" : 0.000000
      },
      "iodepth_complete" : {
        "0" : 0.000000,
        "4" : 100.000000,
        "8" : 0.000000,
        "16" : 0.000000,
        "32" : 0.000000,
        "64" : 0.000000,
        ">=64" : 0.000000
      },
      "latency_ns" : {
        "2" : 0.000000,
        "4" : 0.000000,
        "10" : 0.000000,
        "20" : 0.000000,
        "50" : 0.000000,
        "100" : 0.000000,
        "250" : 0.134315,
        "500" : 40.167770,
        "750" : 7.561150,
        "1000" : 6.400604
      },
      "latency_us" : {
        "2" : 38.845100,
        "4" : 4.439316,
        "10" : 0.738869,
        "20" : 0.054092,
        "50" : 0.052185,
        "100" : 0.010000,
        "250" : 0.044785,
        "500" : 0.024948,
        "750" : 0.018730,
        "1000" : 0.014076
      },
      "latency_ms" : {
        "2" : 0.096245,
        "4" : 0.293236,
        "10" : 0.255432,
        "20" : 0.033989,
        "50" : 0.168915,
        "100" : 0.632477,
        "250" : 0.013847,
        "500" : 0.010000,
        "750" : 0.010000,
        "1000" : 0.000000,
        "2000" : 0.010000,
        ">=2000" : 0.000000
      },
      "latency_depth" : 1,
      "latency_target" : 0,
      "latency_percentile" : 100.000000,
      "latency_window" : 0
    }
  ]
}
