{
  "fio version" : "fio-3.41",
  "timestamp" : 1776187433,
  "timestamp_ms" : 1776187433495,
  "time" : "Tue Apr 14 13:23:53 2026",
  "jobs" : [
    {
      "jobname" : "text_3_read",
      "groupid" : 0,
      "job_start" : 1776186200598,
      "error" : 0,
      "eta" : 0,
      "elapsed" : 1234,
      "job options" : {
        "name" : "text_3_read",
        "filename" : "test3.junk",
        "size" : "10gb",
        "rw" : "read"
      },
      "read" : {
        "io_bytes" : 10737418240,
        "io_kbytes" : 10485760,
        "bw_bytes" : 8709413,
        "bw" : 8505,
        "iops" : 2126.321732,
        "runtime" : 1232852,
        "total_ios" : 2621440,
        "short_ios" : 0,
        "drop_ios" : 0,
        "slat_ns" : {
          "min" : 0,
          "max" : 0,
          "mean" : 0.000000,
          "stddev" : 0.000000,
          "N" : 0
        },
        "clat_ns" : {
          "min" : 761,
          "max" : 565319826,
          "mean" : 469589.845139,
          "stddev" : 4785656.101109,
          "N" : 2621440,
          "percentile" : {
            "1.000000" : 2192,
            "5.000000" : 2224,
            "10.000000" : 2256,
            "20.000000" : 2352,
            "30.000000" : 2416,
            "40.000000" : 2448,
            "50.000000" : 2480,
            "60.000000" : 2512,
            "70.000000" : 2544,
            "80.000000" : 2672,
            "90.000000" : 2864,
            "95.000000" : 3504,
            "99.000000" : 7110656,
            "99.500000" : 50069504,
            "99.900000" : 55836672,
            "99.950000" : 57933824,
            "99.990000" : 74973184
          }
        },
        "lat_ns" : {
          "min" : 786,
          "max" : 565319968,
          "mean" : 469679.338883,
          "stddev" : 4785655.152654,
          "N" : 2621440
        },
        "bw_min" : 512,
        "bw_max" : 10260,
        "bw_agg" : 100.000000,
        "bw_mean" : 8511.146045,
        "bw_dev" : 1151.649754,
        "bw_samples" : 2465,
        "iops_min" : 128,
        "iops_max" : 2565,
        "iops_mean" : 2127.702637,
        "iops_stddev" : 287.891118,
        "iops_samples" : 2465
      },
      "write" : {
        "io_bytes" : 0,
        "io_kbytes" : 0,
        "bw_bytes" : 0,
        "bw" : 0,
        "iops" : 0.000000,
        "runtime" : 0,
        "total_ios" : 0,
        "short_ios" : 0,
        "drop_ios" : 0,
        "slat_ns" : {
          "min" : 0,
          "max" : 0,
          "mean" : 0.000000,
          "stddev" : 0.000000,
          "N" : 0
        },
        "clat_ns" : {
          "min" : 0,
          "max" : 0,
          "mean" : 0.000000,
          "stddev" : 0.000000,
          "N" : 0
        },
        "lat_ns" : {
          "min" : 0,
          "max" : 0,
          "mean" : 0.000000,
          "stddev" : 0.000000,
          "N" : 0
        },
        "bw_min" : 0,
        "bw_max" : 0,
        "bw_agg" : 0.000000,
        "bw_mean" : 0.000000,
        "bw_dev" : 0.000000,
        "bw_samples" : 0,
        "iops_min" : 0,
        "iops_max" : 0,
        "iops_mean" : 0.000000,
        "iops_stddev" : 0.000000,
        "iops_samples" : 0
      },
      "trim" : {
        "io_bytes" : 0,
        "io_kbytes" : 0,
        "bw_bytes" : 0,
        "bw" : 0,
        "iops" : 0.000000,
        "runtime" : 0,
        "total_ios" : 0,
        "short_ios" : 0,
        "drop_ios" : 0,
        "slat_ns" : {
          "min" : 0,
          "max" : 0,
          "mean" : 0.000000,
          "stddev" : 0.000000,
          "N" : 0
        },
        "clat_ns" : {
          "min" : 0,
          "max" : 0,
          "mean" : 0.000000,
          "stddev" : 0.000000,
          "N" : 0
        },
        "lat_ns" : {
          "min" : 0,
          "max" : 0,
          "mean" : 0.000000,
          "stddev" : 0.000000,
          "N" : 0
        },
        "bw_min" : 0,
        "bw_max" : 0,
        "bw_agg" : 0.000000,
        "bw_mean" : 0.000000,
        "bw_dev" : 0.000000,
        "bw_samples" : 0,
        "iops_min" : 0,
        "iops_max" : 0,
        "iops_mean" : 0.000000,
        "iops_stddev" : 0.000000,
        "iops_samples" : 0
      },
      "sync" : {
        "total_ios" : 0,
        "lat_ns" : {
          "min" : 0,
          "max" : 0,
          "mean" : 0.000000,
          "stddev" : 0.000000,
          "N" : 0
        }
      },
      "job_runtime" : 1232851,
      "usr_cpu" : 0.363872,
      "sys_cpu" : 0.936691,
      "ctx" : 43267,
      "majf" : 0,
      "minf" : 10,
      "iodepth_level" : {
        "1" : 100.000000,
        "2" : 0.000000,
        "4" : 0.000000,
        "8" : 0.000000,
        "16" : 0.000000,
        "32" : 0.000000,
        ">=64" : 0.000000
      },
      "iodepth_submit" : {
        "0" : 0.000000,
        "4" : 100.000000,
        "8" : 0.000000,
        "16" : 0.000000,
        "32" : 0.000000,
        "64" : 0.000000,
        ">=64" : 0.000000
      },
      "iodepth_complete" : {
        "0" : 0.000000,
        "4" : 100.000000,
        "8" : 0.000000,
        "16" : 0.000000,
        "32" : 0.000000,
        "64" : 0.000000,
        ">=64" : 0.000000
      },
      "latency_ns" : {
        "2" : 0.000000,
        "4" : 0.000000,
        "10" : 0.000000,
        "20" : 0.000000,
        "50" : 0.000000,
        "100" : 0.000000,
        "250" : 0.000000,
        "500" : 0.000000,
        "750" : 0.000000,
        "1000" : 0.092545
      },
      "latency_us" : {
        "2" : 0.179062,
        "4" : 95.675392,
        "10" : 2.142944,
        "20" : 0.093231,
        "50" : 0.202637,
        "100" : 0.012054,
        "250" : 0.039291,
        "500" : 0.010000,
        "750" : 0.000000,
        "1000" : 0.000000
      },
      "latency_ms" : {
        "2" : 0.010000,
        "4" : 0.014458,
        "10" : 0.679970,
        "20" : 0.042686,
        "50" : 0.313911,
        "100" : 0.505104,
        "250" : 0.010000,
        "500" : 0.010000,
        "750" : 0.010000,
        "1000" : 0.000000,
        "2000" : 0.000000,
        ">=2000" : 0.000000
      },
      "latency_depth" : 1,
      "latency_target" : 0,
      "latency_percentile" : 100.000000,
      "latency_window" : 0
    }
  ]
}
