{
  "fio version" : "fio-3.39",
  "timestamp" : 1775511241,
  "timestamp_ms" : 1775511241184,
  "time" : "Mon Apr  6 17:34:01 2026",
  "jobs" : [
    {
      "jobname" : "text_9_read",
      "groupid" : 0,
      "job_start" : 1775509812037,
      "error" : 0,
      "eta" : 0,
      "elapsed" : 1430,
      "job options" : {
        "name" : "text_9_read",
        "filename" : "test9.junk",
        "size" : "10gb",
        "rw" : "read"
      },
      "read" : {
        "io_bytes" : 10737418240,
        "io_kbytes" : 10485760,
        "bw_bytes" : 7514290,
        "bw" : 7338,
        "iops" : 1834.543677,
        "runtime" : 1428933,
        "total_ios" : 2621440,
        "short_ios" : 0,
        "drop_ios" : 0,
        "slat_ns" : {
          "min" : 0,
          "max" : 0,
          "mean" : 0.000000,
          "stddev" : 0.000000,
          "N" : 0
        },
        "clat_ns" : {
          "min" : 767,
          "max" : 490484497,
          "mean" : 544529.351900,
          "stddev" : 5055019.448060,
          "N" : 2621440,
          "percentile" : {
            "1.000000" : 956,
            "5.000000" : 964,
            "10.000000" : 964,
            "20.000000" : 972,
            "30.000000" : 980,
            "40.000000" : 988,
            "50.000000" : 1012,
            "60.000000" : 1064,
            "70.000000" : 2992,
            "80.000000" : 3088,
            "90.000000" : 3184,
            "95.000000" : 3472,
            "99.000000" : 19791872,
            "99.500000" : 45875200,
            "99.900000" : 63176704,
            "99.950000" : 67633152,
            "99.990000" : 105381888
          }
        },
        "lat_ns" : {
          "min" : 795,
          "max" : 490484532,
          "mean" : 544599.527855,
          "stddev" : 5055018.165044,
          "N" : 2621440
        },
        "bw_min" : 224,
        "bw_max" : 9728,
        "bw_agg" : 100.000000,
        "bw_mean" : 7343.419118,
        "bw_dev" : 1147.487500,
        "bw_samples" : 2856,
        "iops_min" : 56,
        "iops_max" : 2432,
        "iops_mean" : 1835.797969,
        "iops_stddev" : 286.876296,
        "iops_samples" : 2856
      },
      "write" : {
        "io_bytes" : 0,
        "io_kbytes" : 0,
        "bw_bytes" : 0,
        "bw" : 0,
        "iops" : 0.000000,
        "runtime" : 0,
        "total_ios" : 0,
        "short_ios" : 0,
        "drop_ios" : 0,
        "slat_ns" : {
          "min" : 0,
          "max" : 0,
          "mean" : 0.000000,
          "stddev" : 0.000000,
          "N" : 0
        },
        "clat_ns" : {
          "min" : 0,
          "max" : 0,
          "mean" : 0.000000,
          "stddev" : 0.000000,
          "N" : 0
        },
        "lat_ns" : {
          "min" : 0,
          "max" : 0,
          "mean" : 0.000000,
          "stddev" : 0.000000,
          "N" : 0
        },
        "bw_min" : 0,
        "bw_max" : 0,
        "bw_agg" : 0.000000,
        "bw_mean" : 0.000000,
        "bw_dev" : 0.000000,
        "bw_samples" : 0,
        "iops_min" : 0,
        "iops_max" : 0,
        "iops_mean" : 0.000000,
        "iops_stddev" : 0.000000,
        "iops_samples" : 0
      },
      "trim" : {
        "io_bytes" : 0,
        "io_kbytes" : 0,
        "bw_bytes" : 0,
        "bw" : 0,
        "iops" : 0.000000,
        "runtime" : 0,
        "total_ios" : 0,
        "short_ios" : 0,
        "drop_ios" : 0,
        "slat_ns" : {
          "min" : 0,
          "max" : 0,
          "mean" : 0.000000,
          "stddev" : 0.000000,
          "N" : 0
        },
        "clat_ns" : {
          "min" : 0,
          "max" : 0,
          "mean" : 0.000000,
          "stddev" : 0.000000,
          "N" : 0
        },
        "lat_ns" : {
          "min" : 0,
          "max" : 0,
          "mean" : 0.000000,
          "stddev" : 0.000000,
          "N" : 0
        },
        "bw_min" : 0,
        "bw_max" : 0,
        "bw_agg" : 0.000000,
        "bw_mean" : 0.000000,
        "bw_dev" : 0.000000,
        "bw_samples" : 0,
        "iops_min" : 0,
        "iops_max" : 0,
        "iops_mean" : 0.000000,
        "iops_stddev" : 0.000000,
        "iops_samples" : 0
      },
      "sync" : {
        "total_ios" : 0,
        "lat_ns" : {
          "min" : 0,
          "max" : 0,
          "mean" : 0.000000,
          "stddev" : 0.000000,
          "N" : 0
        }
      },
      "job_runtime" : 1428932,
      "usr_cpu" : 0.271951,
      "sys_cpu" : 0.487217,
      "ctx" : 43267,
      "majf" : 0,
      "minf" : 10,
      "iodepth_level" : {
        "1" : 100.000000,
        "2" : 0.000000,
        "4" : 0.000000,
        "8" : 0.000000,
        "16" : 0.000000,
        "32" : 0.000000,
        ">=64" : 0.000000
      },
      "iodepth_submit" : {
        "0" : 0.000000,
        "4" : 100.000000,
        "8" : 0.000000,
        "16" : 0.000000,
        "32" : 0.000000,
        "64" : 0.000000,
        ">=64" : 0.000000
      },
      "iodepth_complete" : {
        "0" : 0.000000,
        "4" : 100.000000,
        "8" : 0.000000,
        "16" : 0.000000,
        "32" : 0.000000,
        "64" : 0.000000,
        ">=64" : 0.000000
      },
      "latency_ns" : {
        "2" : 0.000000,
        "4" : 0.000000,
        "10" : 0.000000,
        "20" : 0.000000,
        "50" : 0.000000,
        "100" : 0.000000,
        "250" : 0.000000,
        "500" : 0.000000,
        "750" : 0.000000,
        "1000" : 44.067230
      },
      "latency_us" : {
        "2" : 23.421364,
        "4" : 28.492432,
        "10" : 2.204170,
        "20" : 0.157242,
        "50" : 0.041161,
        "100" : 0.019798,
        "250" : 0.033836,
        "500" : 0.010000,
        "750" : 0.000000,
        "1000" : 0.000000
      },
      "latency_ms" : {
        "2" : 0.010000,
        "4" : 0.000000,
        "10" : 0.014076,
        "20" : 0.555153,
        "50" : 0.587616,
        "100" : 0.394669,
        "250" : 0.010605,
        "500" : 0.010000,
        "750" : 0.000000,
        "1000" : 0.000000,
        "2000" : 0.000000,
        ">=2000" : 0.000000
      },
      "latency_depth" : 1,
      "latency_target" : 0,
      "latency_percentile" : 100.000000,
      "latency_window" : 0
    }
  ]
}
