{
  "fio version" : "fio-3.41",
  "timestamp" : 1774619841,
  "timestamp_ms" : 1774619841611,
  "time" : "Fri Mar 27 09:57:21 2026",
  "jobs" : [
    {
      "jobname" : "test_2_write",
      "groupid" : 0,
      "job_start" : 1774619546289,
      "error" : 0,
      "eta" : 0,
      "elapsed" : 296,
      "job options" : {
        "name" : "test_2_write",
        "filename" : "test2.junk",
        "size" : "10gb",
        "rw" : "write"
      },
      "read" : {
        "io_bytes" : 0,
        "io_kbytes" : 0,
        "bw_bytes" : 0,
        "bw" : 0,
        "iops" : 0.000000,
        "runtime" : 0,
        "total_ios" : 0,
        "short_ios" : 0,
        "drop_ios" : 0,
        "slat_ns" : {
          "min" : 0,
          "max" : 0,
          "mean" : 0.000000,
          "stddev" : 0.000000,
          "N" : 0
        },
        "clat_ns" : {
          "min" : 0,
          "max" : 0,
          "mean" : 0.000000,
          "stddev" : 0.000000,
          "N" : 0
        },
        "lat_ns" : {
          "min" : 0,
          "max" : 0,
          "mean" : 0.000000,
          "stddev" : 0.000000,
          "N" : 0
        },
        "bw_min" : 0,
        "bw_max" : 0,
        "bw_agg" : 0.000000,
        "bw_mean" : 0.000000,
        "bw_dev" : 0.000000,
        "bw_samples" : 0,
        "iops_min" : 0,
        "iops_max" : 0,
        "iops_mean" : 0.000000,
        "iops_stddev" : 0.000000,
        "iops_samples" : 0
      },
      "write" : {
        "io_bytes" : 10737418240,
        "io_kbytes" : 10485760,
        "bw_bytes" : 36378297,
        "bw" : 35525,
        "iops" : 8881.420247,
        "runtime" : 295160,
        "total_ios" : 2621440,
        "short_ios" : 0,
        "drop_ios" : 0,
        "slat_ns" : {
          "min" : 0,
          "max" : 0,
          "mean" : 0.000000,
          "stddev" : 0.000000,
          "N" : 0
        },
        "clat_ns" : {
          "min" : 5347,
          "max" : 1417202861,
          "mean" : 112165.706850,
          "stddev" : 1772966.555243,
          "N" : 2621440,
          "percentile" : {
            "1.000000" : 6624,
            "5.000000" : 7072,
            "10.000000" : 7776,
            "20.000000" : 10304,
            "30.000000" : 10560,
            "40.000000" : 10816,
            "50.000000" : 11200,
            "60.000000" : 12352,
            "70.000000" : 13376,
            "80.000000" : 15808,
            "90.000000" : 54016,
            "95.000000" : 82432,
            "99.000000" : 2998272,
            "99.500000" : 5013504,
            "99.900000" : 12124160,
            "99.950000" : 17432576,
            "99.990000" : 42729472
          }
        },
        "lat_ns" : {
          "min" : 5375,
          "max" : 1417202892,
          "mean" : 112209.241829,
          "stddev" : 1772966.547026,
          "N" : 2621440
        },
        "bw_min" : 191,
        "bw_max" : 44840,
        "bw_agg" : 100.000000,
        "bw_mean" : 35722.359455,
        "bw_dev" : 10280.482117,
        "bw_samples" : 587,
        "iops_min" : 47,
        "iops_max" : 11210,
        "iops_mean" : 8930.540034,
        "iops_stddev" : 2570.127233,
        "iops_samples" : 587
      },
      "trim" : {
        "io_bytes" : 0,
        "io_kbytes" : 0,
        "bw_bytes" : 0,
        "bw" : 0,
        "iops" : 0.000000,
        "runtime" : 0,
        "total_ios" : 0,
        "short_ios" : 0,
        "drop_ios" : 0,
        "slat_ns" : {
          "min" : 0,
          "max" : 0,
          "mean" : 0.000000,
          "stddev" : 0.000000,
          "N" : 0
        },
        "clat_ns" : {
          "min" : 0,
          "max" : 0,
          "mean" : 0.000000,
          "stddev" : 0.000000,
          "N" : 0
        },
        "lat_ns" : {
          "min" : 0,
          "max" : 0,
          "mean" : 0.000000,
          "stddev" : 0.000000,
          "N" : 0
        },
        "bw_min" : 0,
        "bw_max" : 0,
        "bw_agg" : 0.000000,
        "bw_mean" : 0.000000,
        "bw_dev" : 0.000000,
        "bw_samples" : 0,
        "iops_min" : 0,
        "iops_max" : 0,
        "iops_mean" : 0.000000,
        "iops_stddev" : 0.000000,
        "iops_samples" : 0
      },
      "sync" : {
        "total_ios" : 0,
        "lat_ns" : {
          "min" : 0,
          "max" : 0,
          "mean" : 0.000000,
          "stddev" : 0.000000,
          "N" : 0
        }
      },
      "job_runtime" : 295159,
      "usr_cpu" : 0.531239,
      "sys_cpu" : 2.608086,
      "ctx" : 2621929,
      "majf" : 0,
      "minf" : 9,
      "iodepth_level" : {
        "1" : 100.000000,
        "2" : 0.000000,
        "4" : 0.000000,
        "8" : 0.000000,
        "16" : 0.000000,
        "32" : 0.000000,
        ">=64" : 0.000000
      },
      "iodepth_submit" : {
        "0" : 0.000000,
        "4" : 100.000000,
        "8" : 0.000000,
        "16" : 0.000000,
        "32" : 0.000000,
        "64" : 0.000000,
        ">=64" : 0.000000
      },
      "iodepth_complete" : {
        "0" : 0.000000,
        "4" : 100.000000,
        "8" : 0.000000,
        "16" : 0.000000,
        "32" : 0.000000,
        "64" : 0.000000,
        ">=64" : 0.000000
      },
      "latency_ns" : {
        "2" : 0.000000,
        "4" : 0.000000,
        "10" : 0.000000,
        "20" : 0.000000,
        "50" : 0.000000,
        "100" : 0.000000,
        "250" : 0.000000,
        "500" : 0.000000,
        "750" : 0.000000,
        "1000" : 0.000000
      },
      "latency_us" : {
        "2" : 0.000000,
        "4" : 0.000000,
        "10" : 15.700569,
        "20" : 68.063354,
        "50" : 5.282326,
        "100" : 6.501732,
        "250" : 2.469025,
        "500" : 0.093231,
        "750" : 0.039520,
        "1000" : 0.052452
      },
      "latency_ms" : {
        "2" : 0.327072,
        "4" : 0.772438,
        "10" : 0.551109,
        "20" : 0.107536,
        "50" : 0.031433,
        "100" : 0.010000,
        "250" : 0.010000,
        "500" : 0.010000,
        "750" : 0.000000,
        "1000" : 0.000000,
        "2000" : 0.010000,
        ">=2000" : 0.000000
      },
      "latency_depth" : 1,
      "latency_target" : 0,
      "latency_percentile" : 100.000000,
      "latency_window" : 0
    }
  ]
}
