{
  "fio version" : "fio-3.41",
  "timestamp" : 1776188466,
  "timestamp_ms" : 1776188466739,
  "time" : "Tue Apr 14 13:41:06 2026",
  "jobs" : [
    {
      "jobname" : "test_4_write",
      "groupid" : 0,
      "job_start" : 1776188131321,
      "error" : 0,
      "eta" : 0,
      "elapsed" : 336,
      "job options" : {
        "name" : "test_4_write",
        "filename" : "test4.junk",
        "size" : "10gb",
        "rw" : "write"
      },
      "read" : {
        "io_bytes" : 0,
        "io_kbytes" : 0,
        "bw_bytes" : 0,
        "bw" : 0,
        "iops" : 0.000000,
        "runtime" : 0,
        "total_ios" : 0,
        "short_ios" : 0,
        "drop_ios" : 0,
        "slat_ns" : {
          "min" : 0,
          "max" : 0,
          "mean" : 0.000000,
          "stddev" : 0.000000,
          "N" : 0
        },
        "clat_ns" : {
          "min" : 0,
          "max" : 0,
          "mean" : 0.000000,
          "stddev" : 0.000000,
          "N" : 0
        },
        "lat_ns" : {
          "min" : 0,
          "max" : 0,
          "mean" : 0.000000,
          "stddev" : 0.000000,
          "N" : 0
        },
        "bw_min" : 0,
        "bw_max" : 0,
        "bw_agg" : 0.000000,
        "bw_mean" : 0.000000,
        "bw_dev" : 0.000000,
        "bw_samples" : 0,
        "iops_min" : 0,
        "iops_max" : 0,
        "iops_mean" : 0.000000,
        "iops_stddev" : 0.000000,
        "iops_samples" : 0
      },
      "write" : {
        "io_bytes" : 10737418240,
        "io_kbytes" : 10485760,
        "bw_bytes" : 32034590,
        "bw" : 31283,
        "iops" : 7820.945039,
        "runtime" : 335182,
        "total_ios" : 2621440,
        "short_ios" : 0,
        "drop_ios" : 0,
        "slat_ns" : {
          "min" : 0,
          "max" : 0,
          "mean" : 0.000000,
          "stddev" : 0.000000,
          "N" : 0
        },
        "clat_ns" : {
          "min" : 10525,
          "max" : 149444945,
          "mean" : 125641.021259,
          "stddev" : 773679.368842,
          "N" : 2621440,
          "percentile" : {
            "1.000000" : 12736,
            "5.000000" : 22400,
            "10.000000" : 30336,
            "20.000000" : 40192,
            "30.000000" : 44288,
            "40.000000" : 48384,
            "50.000000" : 54528,
            "60.000000" : 61184,
            "70.000000" : 72192,
            "80.000000" : 101888,
            "90.000000" : 148480,
            "95.000000" : 183296,
            "99.000000" : 1187840,
            "99.500000" : 3948544,
            "99.900000" : 10813440,
            "99.950000" : 14876672,
            "99.990000" : 22151168
          }
        },
        "lat_ns" : {
          "min" : 10565,
          "max" : 149445028,
          "mean" : 125973.807139,
          "stddev" : 773682.031035,
          "N" : 2621440
        },
        "bw_min" : 14123,
        "bw_max" : 34160,
        "bw_agg" : 100.000000,
        "bw_mean" : 31300.665672,
        "bw_dev" : 2296.283959,
        "bw_samples" : 670,
        "iops_min" : 3530,
        "iops_max" : 8540,
        "iops_mean" : 7825.158209,
        "iops_stddev" : 574.081388,
        "iops_samples" : 670
      },
      "trim" : {
        "io_bytes" : 0,
        "io_kbytes" : 0,
        "bw_bytes" : 0,
        "bw" : 0,
        "iops" : 0.000000,
        "runtime" : 0,
        "total_ios" : 0,
        "short_ios" : 0,
        "drop_ios" : 0,
        "slat_ns" : {
          "min" : 0,
          "max" : 0,
          "mean" : 0.000000,
          "stddev" : 0.000000,
          "N" : 0
        },
        "clat_ns" : {
          "min" : 0,
          "max" : 0,
          "mean" : 0.000000,
          "stddev" : 0.000000,
          "N" : 0
        },
        "lat_ns" : {
          "min" : 0,
          "max" : 0,
          "mean" : 0.000000,
          "stddev" : 0.000000,
          "N" : 0
        },
        "bw_min" : 0,
        "bw_max" : 0,
        "bw_agg" : 0.000000,
        "bw_mean" : 0.000000,
        "bw_dev" : 0.000000,
        "bw_samples" : 0,
        "iops_min" : 0,
        "iops_max" : 0,
        "iops_mean" : 0.000000,
        "iops_stddev" : 0.000000,
        "iops_samples" : 0
      },
      "sync" : {
        "total_ios" : 0,
        "lat_ns" : {
          "min" : 0,
          "max" : 0,
          "mean" : 0.000000,
          "stddev" : 0.000000,
          "N" : 0
        }
      },
      "job_runtime" : 335182,
      "usr_cpu" : 4.013342,
      "sys_cpu" : 11.969020,
      "ctx" : 2621963,
      "majf" : 0,
      "minf" : 11,
      "iodepth_level" : {
        "1" : 100.000000,
        "2" : 0.000000,
        "4" : 0.000000,
        "8" : 0.000000,
        "16" : 0.000000,
        "32" : 0.000000,
        ">=64" : 0.000000
      },
      "iodepth_submit" : {
        "0" : 0.000000,
        "4" : 100.000000,
        "8" : 0.000000,
        "16" : 0.000000,
        "32" : 0.000000,
        "64" : 0.000000,
        ">=64" : 0.000000
      },
      "iodepth_complete" : {
        "0" : 0.000000,
        "4" : 100.000000,
        "8" : 0.000000,
        "16" : 0.000000,
        "32" : 0.000000,
        "64" : 0.000000,
        ">=64" : 0.000000
      },
      "latency_ns" : {
        "2" : 0.000000,
        "4" : 0.000000,
        "10" : 0.000000,
        "20" : 0.000000,
        "50" : 0.000000,
        "100" : 0.000000,
        "250" : 0.000000,
        "500" : 0.000000,
        "750" : 0.000000,
        "1000" : 0.000000
      },
      "latency_us" : {
        "2" : 0.000000,
        "4" : 0.000000,
        "10" : 0.000000,
        "20" : 4.188538,
        "50" : 38.523140,
        "100" : 36.837883,
        "250" : 19.043961,
        "500" : 0.214691,
        "750" : 0.072594,
        "1000" : 0.070763
      },
      "latency_ms" : {
        "2" : 0.212555,
        "4" : 0.343437,
        "10" : 0.376167,
        "20" : 0.099335,
        "50" : 0.014687,
        "100" : 0.010000,
        "250" : 0.010000,
        "500" : 0.000000,
        "750" : 0.000000,
        "1000" : 0.000000,
        "2000" : 0.000000,
        ">=2000" : 0.000000
      },
      "latency_depth" : 1,
      "latency_target" : 0,
      "latency_percentile" : 100.000000,
      "latency_window" : 0
    }
  ]
}
