{
  "fio version" : "fio-3.41",
  "timestamp" : 1776354795,
  "timestamp_ms" : 1776354795170,
  "time" : "Thu Apr 16 11:53:15 2026",
  "jobs" : [
    {
      "jobname" : "text_7_read",
      "groupid" : 0,
      "job_start" : 1776353576273,
      "error" : 0,
      "eta" : 0,
      "elapsed" : 1219,
      "job options" : {
        "name" : "text_7_read",
        "filename" : "test7.junk",
        "size" : "10gb",
        "rw" : "read"
      },
      "read" : {
        "io_bytes" : 10737418240,
        "io_kbytes" : 10485760,
        "bw_bytes" : 8810218,
        "bw" : 8603,
        "iops" : 2150.932188,
        "runtime" : 1218746,
        "total_ios" : 2621440,
        "short_ios" : 0,
        "drop_ios" : 0,
        "slat_ns" : {
          "min" : 0,
          "max" : 0,
          "mean" : 0.000000,
          "stddev" : 0.000000,
          "N" : 0
        },
        "clat_ns" : {
          "min" : 739,
          "max" : 2990241167,
          "mean" : 464122.915318,
          "stddev" : 5495657.226070,
          "N" : 2621440,
          "percentile" : {
            "1.000000" : 860,
            "5.000000" : 1080,
            "10.000000" : 1304,
            "20.000000" : 2320,
            "30.000000" : 2512,
            "40.000000" : 2672,
            "50.000000" : 2896,
            "60.000000" : 2960,
            "70.000000" : 3024,
            "80.000000" : 3184,
            "90.000000" : 3728,
            "95.000000" : 4448,
            "99.000000" : 8093696,
            "99.500000" : 46923776,
            "99.900000" : 53739520,
            "99.950000" : 58982400,
            "99.990000" : 91750400
          }
        },
        "lat_ns" : {
          "min" : 762,
          "max" : 2990241243,
          "mean" : 464224.817842,
          "stddev" : 5495656.141323,
          "N" : 2621440
        },
        "bw_min" : 8,
        "bw_max" : 10752,
        "bw_agg" : 100.000000,
        "bw_mean" : 8668.657025,
        "bw_dev" : 1477.077741,
        "bw_samples" : 2420,
        "iops_min" : 2,
        "iops_max" : 2688,
        "iops_mean" : 2167.075207,
        "iops_stddev" : 369.272018,
        "iops_samples" : 2420
      },
      "write" : {
        "io_bytes" : 0,
        "io_kbytes" : 0,
        "bw_bytes" : 0,
        "bw" : 0,
        "iops" : 0.000000,
        "runtime" : 0,
        "total_ios" : 0,
        "short_ios" : 0,
        "drop_ios" : 0,
        "slat_ns" : {
          "min" : 0,
          "max" : 0,
          "mean" : 0.000000,
          "stddev" : 0.000000,
          "N" : 0
        },
        "clat_ns" : {
          "min" : 0,
          "max" : 0,
          "mean" : 0.000000,
          "stddev" : 0.000000,
          "N" : 0
        },
        "lat_ns" : {
          "min" : 0,
          "max" : 0,
          "mean" : 0.000000,
          "stddev" : 0.000000,
          "N" : 0
        },
        "bw_min" : 0,
        "bw_max" : 0,
        "bw_agg" : 0.000000,
        "bw_mean" : 0.000000,
        "bw_dev" : 0.000000,
        "bw_samples" : 0,
        "iops_min" : 0,
        "iops_max" : 0,
        "iops_mean" : 0.000000,
        "iops_stddev" : 0.000000,
        "iops_samples" : 0
      },
      "trim" : {
        "io_bytes" : 0,
        "io_kbytes" : 0,
        "bw_bytes" : 0,
        "bw" : 0,
        "iops" : 0.000000,
        "runtime" : 0,
        "total_ios" : 0,
        "short_ios" : 0,
        "drop_ios" : 0,
        "slat_ns" : {
          "min" : 0,
          "max" : 0,
          "mean" : 0.000000,
          "stddev" : 0.000000,
          "N" : 0
        },
        "clat_ns" : {
          "min" : 0,
          "max" : 0,
          "mean" : 0.000000,
          "stddev" : 0.000000,
          "N" : 0
        },
        "lat_ns" : {
          "min" : 0,
          "max" : 0,
          "mean" : 0.000000,
          "stddev" : 0.000000,
          "N" : 0
        },
        "bw_min" : 0,
        "bw_max" : 0,
        "bw_agg" : 0.000000,
        "bw_mean" : 0.000000,
        "bw_dev" : 0.000000,
        "bw_samples" : 0,
        "iops_min" : 0,
        "iops_max" : 0,
        "iops_mean" : 0.000000,
        "iops_stddev" : 0.000000,
        "iops_samples" : 0
      },
      "sync" : {
        "total_ios" : 0,
        "lat_ns" : {
          "min" : 0,
          "max" : 0,
          "mean" : 0.000000,
          "stddev" : 0.000000,
          "N" : 0
        }
      },
      "job_runtime" : 1218745,
      "usr_cpu" : 0.398689,
      "sys_cpu" : 1.012763,
      "ctx" : 44941,
      "majf" : 0,
      "minf" : 10,
      "iodepth_level" : {
        "1" : 100.000000,
        "2" : 0.000000,
        "4" : 0.000000,
        "8" : 0.000000,
        "16" : 0.000000,
        "32" : 0.000000,
        ">=64" : 0.000000
      },
      "iodepth_submit" : {
        "0" : 0.000000,
        "4" : 100.000000,
        "8" : 0.000000,
        "16" : 0.000000,
        "32" : 0.000000,
        "64" : 0.000000,
        ">=64" : 0.000000
      },
      "iodepth_complete" : {
        "0" : 0.000000,
        "4" : 100.000000,
        "8" : 0.000000,
        "16" : 0.000000,
        "32" : 0.000000,
        "64" : 0.000000,
        ">=64" : 0.000000
      },
      "latency_ns" : {
        "2" : 0.000000,
        "4" : 0.000000,
        "10" : 0.000000,
        "20" : 0.000000,
        "50" : 0.000000,
        "100" : 0.000000,
        "250" : 0.000000,
        "500" : 0.000000,
        "750" : 0.016365,
        "1000" : 3.020477
      },
      "latency_us" : {
        "2" : 13.460464,
        "4" : 75.592918,
        "10" : 5.856972,
        "20" : 0.117569,
        "50" : 0.299454,
        "100" : 0.030479,
        "250" : 0.039482,
        "500" : 0.010000,
        "750" : 0.010000,
        "1000" : 0.010000
      },
      "latency_ms" : {
        "2" : 0.010000,
        "4" : 0.012779,
        "10" : 0.631981,
        "20" : 0.082779,
        "50" : 0.560112,
        "100" : 0.266380,
        "250" : 0.010000,
        "500" : 0.010000,
        "750" : 0.010000,
        "1000" : 0.010000,
        "2000" : 0.010000,
        ">=2000" : 0.010000
      },
      "latency_depth" : 1,
      "latency_target" : 0,
      "latency_percentile" : 100.000000,
      "latency_window" : 0
    }
  ]
}
