{
  "fio version" : "fio-3.41",
  "timestamp" : 1776361087,
  "timestamp_ms" : 1776361087311,
  "time" : "Thu Apr 16 13:38:07 2026",
  "jobs" : [
    {
      "jobname" : "test_10_write",
      "groupid" : 0,
      "job_start" : 1776360707623,
      "error" : 0,
      "eta" : 0,
      "elapsed" : 380,
      "job options" : {
        "name" : "test_10_write",
        "filename" : "test10.junk",
        "size" : "10gb",
        "rw" : "write"
      },
      "read" : {
        "io_bytes" : 0,
        "io_kbytes" : 0,
        "bw_bytes" : 0,
        "bw" : 0,
        "iops" : 0.000000,
        "runtime" : 0,
        "total_ios" : 0,
        "short_ios" : 0,
        "drop_ios" : 0,
        "slat_ns" : {
          "min" : 0,
          "max" : 0,
          "mean" : 0.000000,
          "stddev" : 0.000000,
          "N" : 0
        },
        "clat_ns" : {
          "min" : 0,
          "max" : 0,
          "mean" : 0.000000,
          "stddev" : 0.000000,
          "N" : 0
        },
        "lat_ns" : {
          "min" : 0,
          "max" : 0,
          "mean" : 0.000000,
          "stddev" : 0.000000,
          "N" : 0
        },
        "bw_min" : 0,
        "bw_max" : 0,
        "bw_agg" : 0.000000,
        "bw_mean" : 0.000000,
        "bw_dev" : 0.000000,
        "bw_samples" : 0,
        "iops_min" : 0,
        "iops_max" : 0,
        "iops_mean" : 0.000000,
        "iops_stddev" : 0.000000,
        "iops_samples" : 0
      },
      "write" : {
        "io_bytes" : 10737418240,
        "io_kbytes" : 10485760,
        "bw_bytes" : 28290312,
        "bw" : 27627,
        "iops" : 6906.814493,
        "runtime" : 379544,
        "total_ios" : 2621440,
        "short_ios" : 0,
        "drop_ios" : 0,
        "slat_ns" : {
          "min" : 0,
          "max" : 0,
          "mean" : 0.000000,
          "stddev" : 0.000000,
          "N" : 0
        },
        "clat_ns" : {
          "min" : 10333,
          "max" : 601245855,
          "mean" : 142320.714559,
          "stddev" : 1368899.716145,
          "N" : 2621440,
          "percentile" : {
            "1.000000" : 12608,
            "5.000000" : 16512,
            "10.000000" : 21376,
            "20.000000" : 30336,
            "30.000000" : 38656,
            "40.000000" : 45824,
            "50.000000" : 54016,
            "60.000000" : 63232,
            "70.000000" : 75264,
            "80.000000" : 98816,
            "90.000000" : 140288,
            "95.000000" : 173056,
            "99.000000" : 602112,
            "99.500000" : 4423680,
            "99.900000" : 17694720,
            "99.950000" : 24248320,
            "99.990000" : 46399488
          }
        },
        "lat_ns" : {
          "min" : 10402,
          "max" : 601246404,
          "mean" : 142696.850481,
          "stddev" : 1368902.111000,
          "N" : 2621440
        },
        "bw_min" : 512,
        "bw_max" : 33672,
        "bw_agg" : 100.000000,
        "bw_mean" : 27643.844327,
        "bw_dev" : 5498.380412,
        "bw_samples" : 758,
        "iops_min" : 128,
        "iops_max" : 8418,
        "iops_mean" : 6910.957784,
        "iops_stddev" : 1374.592599,
        "iops_samples" : 758
      },
      "trim" : {
        "io_bytes" : 0,
        "io_kbytes" : 0,
        "bw_bytes" : 0,
        "bw" : 0,
        "iops" : 0.000000,
        "runtime" : 0,
        "total_ios" : 0,
        "short_ios" : 0,
        "drop_ios" : 0,
        "slat_ns" : {
          "min" : 0,
          "max" : 0,
          "mean" : 0.000000,
          "stddev" : 0.000000,
          "N" : 0
        },
        "clat_ns" : {
          "min" : 0,
          "max" : 0,
          "mean" : 0.000000,
          "stddev" : 0.000000,
          "N" : 0
        },
        "lat_ns" : {
          "min" : 0,
          "max" : 0,
          "mean" : 0.000000,
          "stddev" : 0.000000,
          "N" : 0
        },
        "bw_min" : 0,
        "bw_max" : 0,
        "bw_agg" : 0.000000,
        "bw_mean" : 0.000000,
        "bw_dev" : 0.000000,
        "bw_samples" : 0,
        "iops_min" : 0,
        "iops_max" : 0,
        "iops_mean" : 0.000000,
        "iops_stddev" : 0.000000,
        "iops_samples" : 0
      },
      "sync" : {
        "total_ios" : 0,
        "lat_ns" : {
          "min" : 0,
          "max" : 0,
          "mean" : 0.000000,
          "stddev" : 0.000000,
          "N" : 0
        }
      },
      "job_runtime" : 379543,
      "usr_cpu" : 3.793510,
      "sys_cpu" : 10.059203,
      "ctx" : 2626045,
      "majf" : 0,
      "minf" : 9,
      "iodepth_level" : {
        "1" : 100.000000,
        "2" : 0.000000,
        "4" : 0.000000,
        "8" : 0.000000,
        "16" : 0.000000,
        "32" : 0.000000,
        ">=64" : 0.000000
      },
      "iodepth_submit" : {
        "0" : 0.000000,
        "4" : 100.000000,
        "8" : 0.000000,
        "16" : 0.000000,
        "32" : 0.000000,
        "64" : 0.000000,
        ">=64" : 0.000000
      },
      "iodepth_complete" : {
        "0" : 0.000000,
        "4" : 100.000000,
        "8" : 0.000000,
        "16" : 0.000000,
        "32" : 0.000000,
        "64" : 0.000000,
        ">=64" : 0.000000
      },
      "latency_ns" : {
        "2" : 0.000000,
        "4" : 0.000000,
        "10" : 0.000000,
        "20" : 0.000000,
        "50" : 0.000000,
        "100" : 0.000000,
        "250" : 0.000000,
        "500" : 0.000000,
        "750" : 0.000000,
        "1000" : 0.000000
      },
      "latency_us" : {
        "2" : 0.000000,
        "4" : 0.000000,
        "10" : 0.000000,
        "20" : 8.679085,
        "50" : 36.968422,
        "100" : 34.817734,
        "250" : 18.116646,
        "500" : 0.360832,
        "750" : 0.120049,
        "1000" : 0.067062
      },
      "latency_ms" : {
        "2" : 0.142403,
        "4" : 0.194321,
        "10" : 0.304527,
        "20" : 0.148964,
        "50" : 0.071602,
        "100" : 0.010000,
        "250" : 0.010000,
        "500" : 0.010000,
        "750" : 0.010000,
        "1000" : 0.000000,
        "2000" : 0.000000,
        ">=2000" : 0.000000
      },
      "latency_depth" : 1,
      "latency_target" : 0,
      "latency_percentile" : 100.000000,
      "latency_window" : 0
    }
  ]
}
