{
  "fio version" : "fio-3.41",
  "timestamp" : 1774624855,
  "timestamp_ms" : 1774624855447,
  "time" : "Fri Mar 27 11:20:55 2026",
  "jobs" : [
    {
      "jobname" : "test_4_read",
      "groupid" : 0,
      "job_start" : 1774623578548,
      "error" : 0,
      "eta" : 0,
      "elapsed" : 1277,
      "job options" : {
        "name" : "test_4_read",
        "filename" : "test4.junk",
        "size" : "10gb",
        "rw" : "read"
      },
      "read" : {
        "io_bytes" : 10737418240,
        "io_kbytes" : 10485760,
        "bw_bytes" : 8410224,
        "bw" : 8213,
        "iops" : 2053.277565,
        "runtime" : 1276710,
        "total_ios" : 2621440,
        "short_ios" : 0,
        "drop_ios" : 0,
        "slat_ns" : {
          "min" : 0,
          "max" : 0,
          "mean" : 0.000000,
          "stddev" : 0.000000,
          "N" : 0
        },
        "clat_ns" : {
          "min" : 235,
          "max" : 2689841482,
          "mean" : 486618.083395,
          "stddev" : 6397501.215487,
          "N" : 2621440,
          "percentile" : {
            "1.000000" : 278,
            "5.000000" : 286,
            "10.000000" : 290,
            "20.000000" : 306,
            "30.000000" : 406,
            "40.000000" : 612,
            "50.000000" : 996,
            "60.000000" : 1176,
            "70.000000" : 1352,
            "80.000000" : 1512,
            "90.000000" : 1832,
            "95.000000" : 2288,
            "99.000000" : 5210112,
            "99.500000" : 51642368,
            "99.900000" : 59506688,
            "99.950000" : 68681728,
            "99.990000" : 141557760
          }
        },
        "lat_ns" : {
          "min" : 251,
          "max" : 2689841499,
          "mean" : 486668.734226,
          "stddev" : 6397500.525604,
          "N" : 2621440
        },
        "bw_min" : 512,
        "bw_max" : 10260,
        "bw_agg" : 100.000000,
        "bw_mean" : 8322.218167,
        "bw_dev" : 1644.320719,
        "bw_samples" : 2521,
        "iops_min" : 128,
        "iops_max" : 2565,
        "iops_mean" : 2080.462912,
        "iops_stddev" : 411.071155,
        "iops_samples" : 2521
      },
      "write" : {
        "io_bytes" : 0,
        "io_kbytes" : 0,
        "bw_bytes" : 0,
        "bw" : 0,
        "iops" : 0.000000,
        "runtime" : 0,
        "total_ios" : 0,
        "short_ios" : 0,
        "drop_ios" : 0,
        "slat_ns" : {
          "min" : 0,
          "max" : 0,
          "mean" : 0.000000,
          "stddev" : 0.000000,
          "N" : 0
        },
        "clat_ns" : {
          "min" : 0,
          "max" : 0,
          "mean" : 0.000000,
          "stddev" : 0.000000,
          "N" : 0
        },
        "lat_ns" : {
          "min" : 0,
          "max" : 0,
          "mean" : 0.000000,
          "stddev" : 0.000000,
          "N" : 0
        },
        "bw_min" : 0,
        "bw_max" : 0,
        "bw_agg" : 0.000000,
        "bw_mean" : 0.000000,
        "bw_dev" : 0.000000,
        "bw_samples" : 0,
        "iops_min" : 0,
        "iops_max" : 0,
        "iops_mean" : 0.000000,
        "iops_stddev" : 0.000000,
        "iops_samples" : 0
      },
      "trim" : {
        "io_bytes" : 0,
        "io_kbytes" : 0,
        "bw_bytes" : 0,
        "bw" : 0,
        "iops" : 0.000000,
        "runtime" : 0,
        "total_ios" : 0,
        "short_ios" : 0,
        "drop_ios" : 0,
        "slat_ns" : {
          "min" : 0,
          "max" : 0,
          "mean" : 0.000000,
          "stddev" : 0.000000,
          "N" : 0
        },
        "clat_ns" : {
          "min" : 0,
          "max" : 0,
          "mean" : 0.000000,
          "stddev" : 0.000000,
          "N" : 0
        },
        "lat_ns" : {
          "min" : 0,
          "max" : 0,
          "mean" : 0.000000,
          "stddev" : 0.000000,
          "N" : 0
        },
        "bw_min" : 0,
        "bw_max" : 0,
        "bw_agg" : 0.000000,
        "bw_mean" : 0.000000,
        "bw_dev" : 0.000000,
        "bw_samples" : 0,
        "iops_min" : 0,
        "iops_max" : 0,
        "iops_mean" : 0.000000,
        "iops_stddev" : 0.000000,
        "iops_samples" : 0
      },
      "sync" : {
        "total_ios" : 0,
        "lat_ns" : {
          "min" : 0,
          "max" : 0,
          "mean" : 0.000000,
          "stddev" : 0.000000,
          "N" : 0
        }
      },
      "job_runtime" : 1276709,
      "usr_cpu" : 0.141222,
      "sys_cpu" : 0.550791,
      "ctx" : 42791,
      "majf" : 0,
      "minf" : 13,
      "iodepth_level" : {
        "1" : 100.000000,
        "2" : 0.000000,
        "4" : 0.000000,
        "8" : 0.000000,
        "16" : 0.000000,
        "32" : 0.000000,
        ">=64" : 0.000000
      },
      "iodepth_submit" : {
        "0" : 0.000000,
        "4" : 100.000000,
        "8" : 0.000000,
        "16" : 0.000000,
        "32" : 0.000000,
        "64" : 0.000000,
        ">=64" : 0.000000
      },
      "iodepth_complete" : {
        "0" : 0.000000,
        "4" : 100.000000,
        "8" : 0.000000,
        "16" : 0.000000,
        "32" : 0.000000,
        "64" : 0.000000,
        ">=64" : 0.000000
      },
      "latency_ns" : {
        "2" : 0.000000,
        "4" : 0.000000,
        "10" : 0.000000,
        "20" : 0.000000,
        "50" : 0.000000,
        "100" : 0.000000,
        "250" : 0.099716,
        "500" : 35.047112,
        "750" : 7.913780,
        "1000" : 7.005615
      },
      "latency_us" : {
        "2" : 42.711525,
        "4" : 4.699593,
        "10" : 0.791283,
        "20" : 0.068207,
        "50" : 0.053482,
        "100" : 0.010376,
        "250" : 0.045013,
        "500" : 0.026207,
        "750" : 0.021858,
        "1000" : 0.018501
      },
      "latency_ms" : {
        "2" : 0.107803,
        "4" : 0.284195,
        "10" : 0.205307,
        "20" : 0.049515,
        "50" : 0.256996,
        "100" : 0.566101,
        "250" : 0.016556,
        "500" : 0.010000,
        "750" : 0.010000,
        "1000" : 0.010000,
        "2000" : 0.010000,
        ">=2000" : 0.010000
      },
      "latency_depth" : 1,
      "latency_target" : 0,
      "latency_percentile" : 100.000000,
      "latency_window" : 0
    }
  ]
}
