{
  "fio version" : "fio-3.41",
  "timestamp" : 1774635036,
  "timestamp_ms" : 1774635036621,
  "time" : "Fri Mar 27 14:10:36 2026",
  "jobs" : [
    {
      "jobname" : "text_8_read",
      "groupid" : 0,
      "job_start" : 1774633975973,
      "error" : 0,
      "eta" : 0,
      "elapsed" : 1061,
      "job options" : {
        "name" : "text_8_read",
        "filename" : "test8.junk",
        "size" : "10gb",
        "rw" : "read"
      },
      "read" : {
        "io_bytes" : 10737418240,
        "io_kbytes" : 10485760,
        "bw_bytes" : 10125150,
        "bw" : 9887,
        "iops" : 2471.960546,
        "runtime" : 1060470,
        "total_ios" : 2621440,
        "short_ios" : 0,
        "drop_ios" : 0,
        "slat_ns" : {
          "min" : 0,
          "max" : 0,
          "mean" : 0.000000,
          "stddev" : 0.000000,
          "N" : 0
        },
        "clat_ns" : {
          "min" : 237,
          "max" : 1843189986,
          "mean" : 404098.503492,
          "stddev" : 4536809.735060,
          "N" : 2621440,
          "percentile" : {
            "1.000000" : 282,
            "5.000000" : 286,
            "10.000000" : 290,
            "20.000000" : 314,
            "30.000000" : 596,
            "40.000000" : 972,
            "50.000000" : 1128,
            "60.000000" : 1272,
            "70.000000" : 1400,
            "80.000000" : 1544,
            "90.000000" : 1848,
            "95.000000" : 2256,
            "99.000000" : 5079040,
            "99.500000" : 44302336,
            "99.900000" : 49545216,
            "99.950000" : 53215232,
            "99.990000" : 85458944
          }
        },
        "lat_ns" : {
          "min" : 253,
          "max" : 1843190030,
          "mean" : 404153.977899,
          "stddev" : 4536808.831933,
          "N" : 2621440
        },
        "bw_min" : 1024,
        "bw_max" : 11286,
        "bw_agg" : 100.000000,
        "bw_mean" : 9916.764539,
        "bw_dev" : 1325.330457,
        "bw_samples" : 2115,
        "iops_min" : 256,
        "iops_max" : 2821,
        "iops_mean" : 2479.151773,
        "iops_stddev" : 331.350120,
        "iops_samples" : 2115
      },
      "write" : {
        "io_bytes" : 0,
        "io_kbytes" : 0,
        "bw_bytes" : 0,
        "bw" : 0,
        "iops" : 0.000000,
        "runtime" : 0,
        "total_ios" : 0,
        "short_ios" : 0,
        "drop_ios" : 0,
        "slat_ns" : {
          "min" : 0,
          "max" : 0,
          "mean" : 0.000000,
          "stddev" : 0.000000,
          "N" : 0
        },
        "clat_ns" : {
          "min" : 0,
          "max" : 0,
          "mean" : 0.000000,
          "stddev" : 0.000000,
          "N" : 0
        },
        "lat_ns" : {
          "min" : 0,
          "max" : 0,
          "mean" : 0.000000,
          "stddev" : 0.000000,
          "N" : 0
        },
        "bw_min" : 0,
        "bw_max" : 0,
        "bw_agg" : 0.000000,
        "bw_mean" : 0.000000,
        "bw_dev" : 0.000000,
        "bw_samples" : 0,
        "iops_min" : 0,
        "iops_max" : 0,
        "iops_mean" : 0.000000,
        "iops_stddev" : 0.000000,
        "iops_samples" : 0
      },
      "trim" : {
        "io_bytes" : 0,
        "io_kbytes" : 0,
        "bw_bytes" : 0,
        "bw" : 0,
        "iops" : 0.000000,
        "runtime" : 0,
        "total_ios" : 0,
        "short_ios" : 0,
        "drop_ios" : 0,
        "slat_ns" : {
          "min" : 0,
          "max" : 0,
          "mean" : 0.000000,
          "stddev" : 0.000000,
          "N" : 0
        },
        "clat_ns" : {
          "min" : 0,
          "max" : 0,
          "mean" : 0.000000,
          "stddev" : 0.000000,
          "N" : 0
        },
        "lat_ns" : {
          "min" : 0,
          "max" : 0,
          "mean" : 0.000000,
          "stddev" : 0.000000,
          "N" : 0
        },
        "bw_min" : 0,
        "bw_max" : 0,
        "bw_agg" : 0.000000,
        "bw_mean" : 0.000000,
        "bw_dev" : 0.000000,
        "bw_samples" : 0,
        "iops_min" : 0,
        "iops_max" : 0,
        "iops_mean" : 0.000000,
        "iops_stddev" : 0.000000,
        "iops_samples" : 0
      },
      "sync" : {
        "total_ios" : 0,
        "lat_ns" : {
          "min" : 0,
          "max" : 0,
          "mean" : 0.000000,
          "stddev" : 0.000000,
          "N" : 0
        }
      },
      "job_runtime" : 1060469,
      "usr_cpu" : 0.176337,
      "sys_cpu" : 0.698276,
      "ctx" : 42466,
      "majf" : 0,
      "minf" : 13,
      "iodepth_level" : {
        "1" : 100.000000,
        "2" : 0.000000,
        "4" : 0.000000,
        "8" : 0.000000,
        "16" : 0.000000,
        "32" : 0.000000,
        ">=64" : 0.000000
      },
      "iodepth_submit" : {
        "0" : 0.000000,
        "4" : 100.000000,
        "8" : 0.000000,
        "16" : 0.000000,
        "32" : 0.000000,
        "64" : 0.000000,
        ">=64" : 0.000000
      },
      "iodepth_complete" : {
        "0" : 0.000000,
        "4" : 100.000000,
        "8" : 0.000000,
        "16" : 0.000000,
        "32" : 0.000000,
        "64" : 0.000000,
        ">=64" : 0.000000
      },
      "latency_ns" : {
        "2" : 0.000000,
        "4" : 0.000000,
        "10" : 0.000000,
        "20" : 0.000000,
        "50" : 0.000000,
        "100" : 0.000000,
        "250" : 0.076561,
        "500" : 28.005219,
        "750" : 4.462738,
        "1000" : 9.031944
      },
      "latency_us" : {
        "2" : 51.303177,
        "4" : 4.468422,
        "10" : 0.931168,
        "20" : 0.055733,
        "50" : 0.060997,
        "100" : 0.010000,
        "250" : 0.032959,
        "500" : 0.016861,
        "750" : 0.011787,
        "1000" : 0.013924
      },
      "latency_ms" : {
        "2" : 0.114441,
        "4" : 0.317459,
        "10" : 0.214577,
        "20" : 0.053329,
        "50" : 0.728912,
        "100" : 0.083923,
        "250" : 0.010000,
        "500" : 0.010000,
        "750" : 0.010000,
        "1000" : 0.000000,
        "2000" : 0.010000,
        ">=2000" : 0.000000
      },
      "latency_depth" : 1,
      "latency_target" : 0,
      "latency_percentile" : 100.000000,
      "latency_window" : 0
    }
  ]
}
