{
  "fio version" : "fio-3.39",
  "timestamp" : 1775233542,
  "timestamp_ms" : 1775233542844,
  "time" : "Fri Apr  3 12:25:42 2026",
  "jobs" : [
    {
      "jobname" : "test_7_read",
      "groupid" : 0,
      "job_start" : 1775231931447,
      "error" : 0,
      "eta" : 0,
      "elapsed" : 1612,
      "job options" : {
        "name" : "test_7_read",
        "filename" : "test7.junk",
        "size" : "10gb",
        "rw" : "read"
      },
      "read" : {
        "io_bytes" : 10737418240,
        "io_kbytes" : 10485760,
        "bw_bytes" : 6664025,
        "bw" : 6507,
        "iops" : 1626.959425,
        "runtime" : 1611251,
        "total_ios" : 2621440,
        "short_ios" : 0,
        "drop_ios" : 0,
        "slat_ns" : {
          "min" : 0,
          "max" : 0,
          "mean" : 0.000000,
          "stddev" : 0.000000,
          "N" : 0
        },
        "clat_ns" : {
          "min" : 761,
          "max" : 880386606,
          "mean" : 613983.372504,
          "stddev" : 5863003.663773,
          "N" : 2621440,
          "percentile" : {
            "1.000000" : 956,
            "5.000000" : 964,
            "10.000000" : 972,
            "20.000000" : 988,
            "30.000000" : 1004,
            "40.000000" : 1020,
            "50.000000" : 1048,
            "60.000000" : 1688,
            "70.000000" : 3056,
            "80.000000" : 3120,
            "90.000000" : 3216,
            "95.000000" : 4048,
            "99.000000" : 25559040,
            "99.500000" : 47972352,
            "99.900000" : 71827456,
            "99.950000" : 86507520,
            "99.990000" : 139460608
          }
        },
        "lat_ns" : {
          "min" : 790,
          "max" : 880386643,
          "mean" : 614062.686409,
          "stddev" : 5863002.115637,
          "N" : 2621440
        },
        "bw_min" : 224,
        "bw_max" : 9728,
        "bw_agg" : 100.000000,
        "bw_mean" : 6516.525318,
        "bw_dev" : 1395.662991,
        "bw_samples" : 3219,
        "iops_min" : 56,
        "iops_max" : 2432,
        "iops_mean" : 1629.077043,
        "iops_stddev" : 348.910084,
        "iops_samples" : 3219
      },
      "write" : {
        "io_bytes" : 0,
        "io_kbytes" : 0,
        "bw_bytes" : 0,
        "bw" : 0,
        "iops" : 0.000000,
        "runtime" : 0,
        "total_ios" : 0,
        "short_ios" : 0,
        "drop_ios" : 0,
        "slat_ns" : {
          "min" : 0,
          "max" : 0,
          "mean" : 0.000000,
          "stddev" : 0.000000,
          "N" : 0
        },
        "clat_ns" : {
          "min" : 0,
          "max" : 0,
          "mean" : 0.000000,
          "stddev" : 0.000000,
          "N" : 0
        },
        "lat_ns" : {
          "min" : 0,
          "max" : 0,
          "mean" : 0.000000,
          "stddev" : 0.000000,
          "N" : 0
        },
        "bw_min" : 0,
        "bw_max" : 0,
        "bw_agg" : 0.000000,
        "bw_mean" : 0.000000,
        "bw_dev" : 0.000000,
        "bw_samples" : 0,
        "iops_min" : 0,
        "iops_max" : 0,
        "iops_mean" : 0.000000,
        "iops_stddev" : 0.000000,
        "iops_samples" : 0
      },
      "trim" : {
        "io_bytes" : 0,
        "io_kbytes" : 0,
        "bw_bytes" : 0,
        "bw" : 0,
        "iops" : 0.000000,
        "runtime" : 0,
        "total_ios" : 0,
        "short_ios" : 0,
        "drop_ios" : 0,
        "slat_ns" : {
          "min" : 0,
          "max" : 0,
          "mean" : 0.000000,
          "stddev" : 0.000000,
          "N" : 0
        },
        "clat_ns" : {
          "min" : 0,
          "max" : 0,
          "mean" : 0.000000,
          "stddev" : 0.000000,
          "N" : 0
        },
        "lat_ns" : {
          "min" : 0,
          "max" : 0,
          "mean" : 0.000000,
          "stddev" : 0.000000,
          "N" : 0
        },
        "bw_min" : 0,
        "bw_max" : 0,
        "bw_agg" : 0.000000,
        "bw_mean" : 0.000000,
        "bw_dev" : 0.000000,
        "bw_samples" : 0,
        "iops_min" : 0,
        "iops_max" : 0,
        "iops_mean" : 0.000000,
        "iops_stddev" : 0.000000,
        "iops_samples" : 0
      },
      "sync" : {
        "total_ios" : 0,
        "lat_ns" : {
          "min" : 0,
          "max" : 0,
          "mean" : 0.000000,
          "stddev" : 0.000000,
          "N" : 0
        }
      },
      "job_runtime" : 1611250,
      "usr_cpu" : 0.264453,
      "sys_cpu" : 0.474166,
      "ctx" : 43206,
      "majf" : 0,
      "minf" : 11,
      "iodepth_level" : {
        "1" : 100.000000,
        "2" : 0.000000,
        "4" : 0.000000,
        "8" : 0.000000,
        "16" : 0.000000,
        "32" : 0.000000,
        ">=64" : 0.000000
      },
      "iodepth_submit" : {
        "0" : 0.000000,
        "4" : 100.000000,
        "8" : 0.000000,
        "16" : 0.000000,
        "32" : 0.000000,
        "64" : 0.000000,
        ">=64" : 0.000000
      },
      "iodepth_complete" : {
        "0" : 0.000000,
        "4" : 100.000000,
        "8" : 0.000000,
        "16" : 0.000000,
        "32" : 0.000000,
        "64" : 0.000000,
        ">=64" : 0.000000
      },
      "latency_ns" : {
        "2" : 0.000000,
        "4" : 0.000000,
        "10" : 0.000000,
        "20" : 0.000000,
        "50" : 0.000000,
        "100" : 0.000000,
        "250" : 0.000000,
        "500" : 0.000000,
        "750" : 0.000000,
        "1000" : 29.105415
      },
      "latency_us" : {
        "2" : 31.016426,
        "4" : 34.794960,
        "10" : 3.248177,
        "20" : 0.168457,
        "50" : 0.043716,
        "100" : 0.018921,
        "250" : 0.040741,
        "500" : 0.010000,
        "750" : 0.010000,
        "1000" : 0.010000
      },
      "latency_ms" : {
        "2" : 0.000000,
        "4" : 0.000000,
        "10" : 0.010000,
        "20" : 0.375938,
        "50" : 0.725822,
        "100" : 0.421982,
        "250" : 0.028534,
        "500" : 0.010000,
        "750" : 0.010000,
        "1000" : 0.010000,
        "2000" : 0.000000,
        ">=2000" : 0.000000
      },
      "latency_depth" : 1,
      "latency_target" : 0,
      "latency_percentile" : 100.000000,
      "latency_window" : 0
    }
  ]
}
