{
  "fio version" : "fio-3.41",
  "timestamp" : 1774633299,
  "timestamp_ms" : 1774633299549,
  "time" : "Fri Mar 27 13:41:39 2026",
  "jobs" : [
    {
      "jobname" : "text_7_read",
      "groupid" : 0,
      "job_start" : 1774632167151,
      "error" : 0,
      "eta" : 0,
      "elapsed" : 1133,
      "job options" : {
        "name" : "text_7_read",
        "filename" : "test7.junk",
        "size" : "10gb",
        "rw" : "read"
      },
      "read" : {
        "io_bytes" : 10737418240,
        "io_kbytes" : 10485760,
        "bw_bytes" : 9484145,
        "bw" : 9261,
        "iops" : 2315.465171,
        "runtime" : 1132144,
        "total_ios" : 2621440,
        "short_ios" : 0,
        "drop_ios" : 0,
        "slat_ns" : {
          "min" : 0,
          "max" : 0,
          "mean" : 0.000000,
          "stddev" : 0.000000,
          "N" : 0
        },
        "clat_ns" : {
          "min" : 237,
          "max" : 2350271370,
          "mean" : 431323.184459,
          "stddev" : 5107225.732179,
          "N" : 2621440,
          "percentile" : {
            "1.000000" : 290,
            "5.000000" : 724,
            "10.000000" : 868,
            "20.000000" : 1012,
            "30.000000" : 1128,
            "40.000000" : 1256,
            "50.000000" : 1352,
            "60.000000" : 1416,
            "70.000000" : 1528,
            "80.000000" : 1704,
            "90.000000" : 1960,
            "95.000000" : 2512,
            "99.000000" : 6848512,
            "99.500000" : 44826624,
            "99.900000" : 53215232,
            "99.950000" : 57409536,
            "99.990000" : 98041856
          }
        },
        "lat_ns" : {
          "min" : 253,
          "max" : 2350271422,
          "mean" : 431394.721311,
          "stddev" : 5107224.675712,
          "N" : 2621440
        },
        "bw_min" : 513,
        "bw_max" : 11286,
        "bw_agg" : 100.000000,
        "bw_mean" : 9324.510667,
        "bw_dev" : 1592.796375,
        "bw_samples" : 2250,
        "iops_min" : 128,
        "iops_max" : 2821,
        "iops_mean" : 2331.064000,
        "iops_stddev" : 398.211609,
        "iops_samples" : 2250
      },
      "write" : {
        "io_bytes" : 0,
        "io_kbytes" : 0,
        "bw_bytes" : 0,
        "bw" : 0,
        "iops" : 0.000000,
        "runtime" : 0,
        "total_ios" : 0,
        "short_ios" : 0,
        "drop_ios" : 0,
        "slat_ns" : {
          "min" : 0,
          "max" : 0,
          "mean" : 0.000000,
          "stddev" : 0.000000,
          "N" : 0
        },
        "clat_ns" : {
          "min" : 0,
          "max" : 0,
          "mean" : 0.000000,
          "stddev" : 0.000000,
          "N" : 0
        },
        "lat_ns" : {
          "min" : 0,
          "max" : 0,
          "mean" : 0.000000,
          "stddev" : 0.000000,
          "N" : 0
        },
        "bw_min" : 0,
        "bw_max" : 0,
        "bw_agg" : 0.000000,
        "bw_mean" : 0.000000,
        "bw_dev" : 0.000000,
        "bw_samples" : 0,
        "iops_min" : 0,
        "iops_max" : 0,
        "iops_mean" : 0.000000,
        "iops_stddev" : 0.000000,
        "iops_samples" : 0
      },
      "trim" : {
        "io_bytes" : 0,
        "io_kbytes" : 0,
        "bw_bytes" : 0,
        "bw" : 0,
        "iops" : 0.000000,
        "runtime" : 0,
        "total_ios" : 0,
        "short_ios" : 0,
        "drop_ios" : 0,
        "slat_ns" : {
          "min" : 0,
          "max" : 0,
          "mean" : 0.000000,
          "stddev" : 0.000000,
          "N" : 0
        },
        "clat_ns" : {
          "min" : 0,
          "max" : 0,
          "mean" : 0.000000,
          "stddev" : 0.000000,
          "N" : 0
        },
        "lat_ns" : {
          "min" : 0,
          "max" : 0,
          "mean" : 0.000000,
          "stddev" : 0.000000,
          "N" : 0
        },
        "bw_min" : 0,
        "bw_max" : 0,
        "bw_agg" : 0.000000,
        "bw_mean" : 0.000000,
        "bw_dev" : 0.000000,
        "bw_samples" : 0,
        "iops_min" : 0,
        "iops_max" : 0,
        "iops_mean" : 0.000000,
        "iops_stddev" : 0.000000,
        "iops_samples" : 0
      },
      "sync" : {
        "total_ios" : 0,
        "lat_ns" : {
          "min" : 0,
          "max" : 0,
          "mean" : 0.000000,
          "stddev" : 0.000000,
          "N" : 0
        }
      },
      "job_runtime" : 1132143,
      "usr_cpu" : 0.204391,
      "sys_cpu" : 0.793716,
      "ctx" : 42617,
      "majf" : 0,
      "minf" : 13,
      "iodepth_level" : {
        "1" : 100.000000,
        "2" : 0.000000,
        "4" : 0.000000,
        "8" : 0.000000,
        "16" : 0.000000,
        "32" : 0.000000,
        ">=64" : 0.000000
      },
      "iodepth_submit" : {
        "0" : 0.000000,
        "4" : 100.000000,
        "8" : 0.000000,
        "16" : 0.000000,
        "32" : 0.000000,
        "64" : 0.000000,
        ">=64" : 0.000000
      },
      "iodepth_complete" : {
        "0" : 0.000000,
        "4" : 100.000000,
        "8" : 0.000000,
        "16" : 0.000000,
        "32" : 0.000000,
        "64" : 0.000000,
        ">=64" : 0.000000
      },
      "latency_ns" : {
        "2" : 0.000000,
        "4" : 0.000000,
        "10" : 0.000000,
        "20" : 0.000000,
        "50" : 0.000000,
        "100" : 0.000000,
        "250" : 0.043831,
        "500" : 2.895660,
        "750" : 2.522621,
        "1000" : 12.607727
      },
      "latency_us" : {
        "2" : 72.947006,
        "4" : 6.028175,
        "10" : 1.191559,
        "20" : 0.072556,
        "50" : 0.081329,
        "100" : 0.012550,
        "250" : 0.030746,
        "500" : 0.015488,
        "750" : 0.010000,
        "1000" : 0.014534
      },
      "latency_ms" : {
        "2" : 0.096016,
        "4" : 0.244865,
        "10" : 0.291977,
        "20" : 0.058975,
        "50" : 0.638885,
        "100" : 0.186844,
        "250" : 0.010000,
        "500" : 0.010000,
        "750" : 0.010000,
        "1000" : 0.000000,
        "2000" : 0.010000,
        ">=2000" : 0.010000
      },
      "latency_depth" : 1,
      "latency_target" : 0,
      "latency_percentile" : 100.000000,
      "latency_window" : 0
    }
  ]
}
