{
  "fio version" : "fio-3.39",
  "timestamp" : 1775227605,
  "timestamp_ms" : 1775227605098,
  "time" : "Fri Apr  3 10:46:45 2026",
  "jobs" : [
    {
      "jobname" : "test_5_read",
      "groupid" : 0,
      "job_start" : 1775225843950,
      "error" : 0,
      "eta" : 0,
      "elapsed" : 1762,
      "job options" : {
        "name" : "test_5_read",
        "filename" : "test5.junk",
        "size" : "10gb",
        "rw" : "read"
      },
      "read" : {
        "io_bytes" : 10737418240,
        "io_kbytes" : 10485760,
        "bw_bytes" : 6097324,
        "bw" : 5954,
        "iops" : 1488.604518,
        "runtime" : 1761005,
        "total_ios" : 2621440,
        "short_ios" : 0,
        "drop_ios" : 0,
        "slat_ns" : {
          "min" : 0,
          "max" : 0,
          "mean" : 0.000000,
          "stddev" : 0.000000,
          "N" : 0
        },
        "clat_ns" : {
          "min" : 772,
          "max" : 713568688,
          "mean" : 671203.522582,
          "stddev" : 6019111.466521,
          "N" : 2621440,
          "percentile" : {
            "1.000000" : 956,
            "5.000000" : 964,
            "10.000000" : 972,
            "20.000000" : 988,
            "30.000000" : 996,
            "40.000000" : 1012,
            "50.000000" : 1032,
            "60.000000" : 1096,
            "70.000000" : 3024,
            "80.000000" : 3088,
            "90.000000" : 3184,
            "95.000000" : 3408,
            "99.000000" : 31064064,
            "99.500000" : 49020928,
            "99.900000" : 76021760,
            "99.950000" : 88604672,
            "99.990000" : 131596288
          }
        },
        "lat_ns" : {
          "min" : 801,
          "max" : 713568723,
          "mean" : 671273.296975,
          "stddev" : 6019110.291216,
          "N" : 2621440
        },
        "bw_min" : 1024,
        "bw_max" : 8721,
        "bw_agg" : 100.000000,
        "bw_mean" : 5957.203635,
        "bw_dev" : 1138.080170,
        "bw_samples" : 3521,
        "iops_min" : 256,
        "iops_max" : 2180,
        "iops_mean" : 1489.244817,
        "iops_stddev" : 284.527544,
        "iops_samples" : 3521
      },
      "write" : {
        "io_bytes" : 0,
        "io_kbytes" : 0,
        "bw_bytes" : 0,
        "bw" : 0,
        "iops" : 0.000000,
        "runtime" : 0,
        "total_ios" : 0,
        "short_ios" : 0,
        "drop_ios" : 0,
        "slat_ns" : {
          "min" : 0,
          "max" : 0,
          "mean" : 0.000000,
          "stddev" : 0.000000,
          "N" : 0
        },
        "clat_ns" : {
          "min" : 0,
          "max" : 0,
          "mean" : 0.000000,
          "stddev" : 0.000000,
          "N" : 0
        },
        "lat_ns" : {
          "min" : 0,
          "max" : 0,
          "mean" : 0.000000,
          "stddev" : 0.000000,
          "N" : 0
        },
        "bw_min" : 0,
        "bw_max" : 0,
        "bw_agg" : 0.000000,
        "bw_mean" : 0.000000,
        "bw_dev" : 0.000000,
        "bw_samples" : 0,
        "iops_min" : 0,
        "iops_max" : 0,
        "iops_mean" : 0.000000,
        "iops_stddev" : 0.000000,
        "iops_samples" : 0
      },
      "trim" : {
        "io_bytes" : 0,
        "io_kbytes" : 0,
        "bw_bytes" : 0,
        "bw" : 0,
        "iops" : 0.000000,
        "runtime" : 0,
        "total_ios" : 0,
        "short_ios" : 0,
        "drop_ios" : 0,
        "slat_ns" : {
          "min" : 0,
          "max" : 0,
          "mean" : 0.000000,
          "stddev" : 0.000000,
          "N" : 0
        },
        "clat_ns" : {
          "min" : 0,
          "max" : 0,
          "mean" : 0.000000,
          "stddev" : 0.000000,
          "N" : 0
        },
        "lat_ns" : {
          "min" : 0,
          "max" : 0,
          "mean" : 0.000000,
          "stddev" : 0.000000,
          "N" : 0
        },
        "bw_min" : 0,
        "bw_max" : 0,
        "bw_agg" : 0.000000,
        "bw_mean" : 0.000000,
        "bw_dev" : 0.000000,
        "bw_samples" : 0,
        "iops_min" : 0,
        "iops_max" : 0,
        "iops_mean" : 0.000000,
        "iops_stddev" : 0.000000,
        "iops_samples" : 0
      },
      "sync" : {
        "total_ios" : 0,
        "lat_ns" : {
          "min" : 0,
          "max" : 0,
          "mean" : 0.000000,
          "stddev" : 0.000000,
          "N" : 0
        }
      },
      "job_runtime" : 1761004,
      "usr_cpu" : 0.220386,
      "sys_cpu" : 0.402554,
      "ctx" : 43342,
      "majf" : 0,
      "minf" : 13,
      "iodepth_level" : {
        "1" : 100.000000,
        "2" : 0.000000,
        "4" : 0.000000,
        "8" : 0.000000,
        "16" : 0.000000,
        "32" : 0.000000,
        ">=64" : 0.000000
      },
      "iodepth_submit" : {
        "0" : 0.000000,
        "4" : 100.000000,
        "8" : 0.000000,
        "16" : 0.000000,
        "32" : 0.000000,
        "64" : 0.000000,
        ">=64" : 0.000000
      },
      "iodepth_complete" : {
        "0" : 0.000000,
        "4" : 100.000000,
        "8" : 0.000000,
        "16" : 0.000000,
        "32" : 0.000000,
        "64" : 0.000000,
        ">=64" : 0.000000
      },
      "latency_ns" : {
        "2" : 0.000000,
        "4" : 0.000000,
        "10" : 0.000000,
        "20" : 0.000000,
        "50" : 0.000000,
        "100" : 0.000000,
        "250" : 0.000000,
        "500" : 0.000000,
        "750" : 0.000000,
        "1000" : 32.064362
      },
      "latency_us" : {
        "2" : 34.653053,
        "4" : 29.627380,
        "10" : 1.884422,
        "20" : 0.105324,
        "50" : 0.042877,
        "100" : 0.017395,
        "250" : 0.042801,
        "500" : 0.010000,
        "750" : 0.010000,
        "1000" : 0.010000
      },
      "latency_ms" : {
        "2" : 0.000000,
        "4" : 0.000000,
        "10" : 0.010000,
        "20" : 0.107918,
        "50" : 0.980606,
        "100" : 0.443535,
        "250" : 0.028687,
        "500" : 0.010000,
        "750" : 0.010000,
        "1000" : 0.000000,
        "2000" : 0.000000,
        ">=2000" : 0.000000
      },
      "latency_depth" : 1,
      "latency_target" : 0,
      "latency_percentile" : 100.000000,
      "latency_window" : 0
    }
  ]
}
