{
  "fio version" : "fio-3.39",
  "timestamp" : 1775151531,
  "timestamp_ms" : 1775151531079,
  "time" : "Thu Apr  2 13:38:51 2026",
  "jobs" : [
    {
      "jobname" : "test_2_read",
      "groupid" : 0,
      "job_start" : 1775150000932,
      "error" : 0,
      "eta" : 0,
      "elapsed" : 1531,
      "job options" : {
        "name" : "test_2_read",
        "filename" : "test2.junk",
        "size" : "10gb",
        "rw" : "read"
      },
      "read" : {
        "io_bytes" : 10737418240,
        "io_kbytes" : 10485760,
        "bw_bytes" : 7017328,
        "bw" : 6852,
        "iops" : 1713.215030,
        "runtime" : 1530129,
        "total_ios" : 2621440,
        "short_ios" : 0,
        "drop_ios" : 0,
        "slat_ns" : {
          "min" : 0,
          "max" : 0,
          "mean" : 0.000000,
          "stddev" : 0.000000,
          "N" : 0
        },
        "clat_ns" : {
          "min" : 766,
          "max" : 1196394459,
          "mean" : 583118.130590,
          "stddev" : 5711748.464373,
          "N" : 2621440,
          "percentile" : {
            "1.000000" : 956,
            "5.000000" : 964,
            "10.000000" : 972,
            "20.000000" : 980,
            "30.000000" : 996,
            "40.000000" : 1004,
            "50.000000" : 1032,
            "60.000000" : 1112,
            "70.000000" : 3024,
            "80.000000" : 3088,
            "90.000000" : 3152,
            "95.000000" : 3440,
            "99.000000" : 19791872,
            "99.500000" : 49545216,
            "99.900000" : 65273856,
            "99.950000" : 72876032,
            "99.990000" : 137363456
          }
        },
        "lat_ns" : {
          "min" : 792,
          "max" : 1196394574,
          "mean" : 583188.495904,
          "stddev" : 5711747.208721,
          "N" : 2621440
        },
        "bw_min" : 512,
        "bw_max" : 9728,
        "bw_agg" : 100.000000,
        "bw_mean" : 6863.934206,
        "bw_dev" : 1601.220301,
        "bw_samples" : 3055,
        "iops_min" : 128,
        "iops_max" : 2432,
        "iops_mean" : 1715.921768,
        "iops_stddev" : 400.301419,
        "iops_samples" : 3055
      },
      "write" : {
        "io_bytes" : 0,
        "io_kbytes" : 0,
        "bw_bytes" : 0,
        "bw" : 0,
        "iops" : 0.000000,
        "runtime" : 0,
        "total_ios" : 0,
        "short_ios" : 0,
        "drop_ios" : 0,
        "slat_ns" : {
          "min" : 0,
          "max" : 0,
          "mean" : 0.000000,
          "stddev" : 0.000000,
          "N" : 0
        },
        "clat_ns" : {
          "min" : 0,
          "max" : 0,
          "mean" : 0.000000,
          "stddev" : 0.000000,
          "N" : 0
        },
        "lat_ns" : {
          "min" : 0,
          "max" : 0,
          "mean" : 0.000000,
          "stddev" : 0.000000,
          "N" : 0
        },
        "bw_min" : 0,
        "bw_max" : 0,
        "bw_agg" : 0.000000,
        "bw_mean" : 0.000000,
        "bw_dev" : 0.000000,
        "bw_samples" : 0,
        "iops_min" : 0,
        "iops_max" : 0,
        "iops_mean" : 0.000000,
        "iops_stddev" : 0.000000,
        "iops_samples" : 0
      },
      "trim" : {
        "io_bytes" : 0,
        "io_kbytes" : 0,
        "bw_bytes" : 0,
        "bw" : 0,
        "iops" : 0.000000,
        "runtime" : 0,
        "total_ios" : 0,
        "short_ios" : 0,
        "drop_ios" : 0,
        "slat_ns" : {
          "min" : 0,
          "max" : 0,
          "mean" : 0.000000,
          "stddev" : 0.000000,
          "N" : 0
        },
        "clat_ns" : {
          "min" : 0,
          "max" : 0,
          "mean" : 0.000000,
          "stddev" : 0.000000,
          "N" : 0
        },
        "lat_ns" : {
          "min" : 0,
          "max" : 0,
          "mean" : 0.000000,
          "stddev" : 0.000000,
          "N" : 0
        },
        "bw_min" : 0,
        "bw_max" : 0,
        "bw_agg" : 0.000000,
        "bw_mean" : 0.000000,
        "bw_dev" : 0.000000,
        "bw_samples" : 0,
        "iops_min" : 0,
        "iops_max" : 0,
        "iops_mean" : 0.000000,
        "iops_stddev" : 0.000000,
        "iops_samples" : 0
      },
      "sync" : {
        "total_ios" : 0,
        "lat_ns" : {
          "min" : 0,
          "max" : 0,
          "mean" : 0.000000,
          "stddev" : 0.000000,
          "N" : 0
        }
      },
      "job_runtime" : 1530128,
      "usr_cpu" : 0.249195,
      "sys_cpu" : 0.473751,
      "ctx" : 43144,
      "majf" : 0,
      "minf" : 11,
      "iodepth_level" : {
        "1" : 100.000000,
        "2" : 0.000000,
        "4" : 0.000000,
        "8" : 0.000000,
        "16" : 0.000000,
        "32" : 0.000000,
        ">=64" : 0.000000
      },
      "iodepth_submit" : {
        "0" : 0.000000,
        "4" : 100.000000,
        "8" : 0.000000,
        "16" : 0.000000,
        "32" : 0.000000,
        "64" : 0.000000,
        ">=64" : 0.000000
      },
      "iodepth_complete" : {
        "0" : 0.000000,
        "4" : 100.000000,
        "8" : 0.000000,
        "16" : 0.000000,
        "32" : 0.000000,
        "64" : 0.000000,
        ">=64" : 0.000000
      },
      "latency_ns" : {
        "2" : 0.000000,
        "4" : 0.000000,
        "10" : 0.000000,
        "20" : 0.000000,
        "50" : 0.000000,
        "100" : 0.000000,
        "250" : 0.000000,
        "500" : 0.000000,
        "750" : 0.000000,
        "1000" : 35.310555
      },
      "latency_us" : {
        "2" : 30.789146,
        "4" : 30.146866,
        "10" : 1.973724,
        "20" : 0.121307,
        "50" : 0.041046,
        "100" : 0.020256,
        "250" : 0.034714,
        "500" : 0.010000,
        "750" : 0.010000,
        "1000" : 0.000000
      },
      "latency_ms" : {
        "2" : 0.010000,
        "4" : 0.010000,
        "10" : 0.046310,
        "20" : 0.521126,
        "50" : 0.509224,
        "100" : 0.460052,
        "250" : 0.022888,
        "500" : 0.010000,
        "750" : 0.010000,
        "1000" : 0.010000,
        "2000" : 0.010000,
        ">=2000" : 0.000000
      },
      "latency_depth" : 1,
      "latency_target" : 0,
      "latency_percentile" : 100.000000,
      "latency_window" : 0
    }
  ]
}
