{
  "fio version" : "fio-3.41",
  "timestamp" : 1776190290,
  "timestamp_ms" : 1776190290331,
  "time" : "Tue Apr 14 14:11:30 2026",
  "jobs" : [
    {
      "jobname" : "text_4_read",
      "groupid" : 0,
      "job_start" : 1776188674183,
      "error" : 0,
      "eta" : 0,
      "elapsed" : 1617,
      "job options" : {
        "name" : "text_4_read",
        "filename" : "test4.junk",
        "size" : "10gb",
        "rw" : "read"
      },
      "read" : {
        "io_bytes" : 10737418240,
        "io_kbytes" : 10485760,
        "bw_bytes" : 6644742,
        "bw" : 6489,
        "iops" : 1622.251500,
        "runtime" : 1615927,
        "total_ios" : 2621440,
        "short_ios" : 0,
        "drop_ios" : 0,
        "slat_ns" : {
          "min" : 0,
          "max" : 0,
          "mean" : 0.000000,
          "stddev" : 0.000000,
          "N" : 0
        },
        "clat_ns" : {
          "min" : 741,
          "max" : 2323434810,
          "mean" : 615614.980508,
          "stddev" : 8679793.883525,
          "N" : 2621440,
          "percentile" : {
            "1.000000" : 1256,
            "5.000000" : 2352,
            "10.000000" : 2416,
            "20.000000" : 2608,
            "30.000000" : 2672,
            "40.000000" : 2864,
            "50.000000" : 2928,
            "60.000000" : 2960,
            "70.000000" : 2960,
            "80.000000" : 3024,
            "90.000000" : 3248,
            "95.000000" : 4128,
            "99.000000" : 8585216,
            "99.500000" : 50593792,
            "99.900000" : 64225280,
            "99.950000" : 105381888,
            "99.990000" : 375390208
          }
        },
        "lat_ns" : {
          "min" : 764,
          "max" : 2323434999,
          "mean" : 615715.798199,
          "stddev" : 8679793.425186,
          "N" : 2621440
        },
        "bw_min" : 8,
        "bw_max" : 10260,
        "bw_agg" : 100.000000,
        "bw_mean" : 6592.849151,
        "bw_dev" : 3131.924440,
        "bw_samples" : 3182,
        "iops_min" : 2,
        "iops_max" : 2565,
        "iops_mean" : 1648.117222,
        "iops_stddev" : 782.991864,
        "iops_samples" : 3182
      },
      "write" : {
        "io_bytes" : 0,
        "io_kbytes" : 0,
        "bw_bytes" : 0,
        "bw" : 0,
        "iops" : 0.000000,
        "runtime" : 0,
        "total_ios" : 0,
        "short_ios" : 0,
        "drop_ios" : 0,
        "slat_ns" : {
          "min" : 0,
          "max" : 0,
          "mean" : 0.000000,
          "stddev" : 0.000000,
          "N" : 0
        },
        "clat_ns" : {
          "min" : 0,
          "max" : 0,
          "mean" : 0.000000,
          "stddev" : 0.000000,
          "N" : 0
        },
        "lat_ns" : {
          "min" : 0,
          "max" : 0,
          "mean" : 0.000000,
          "stddev" : 0.000000,
          "N" : 0
        },
        "bw_min" : 0,
        "bw_max" : 0,
        "bw_agg" : 0.000000,
        "bw_mean" : 0.000000,
        "bw_dev" : 0.000000,
        "bw_samples" : 0,
        "iops_min" : 0,
        "iops_max" : 0,
        "iops_mean" : 0.000000,
        "iops_stddev" : 0.000000,
        "iops_samples" : 0
      },
      "trim" : {
        "io_bytes" : 0,
        "io_kbytes" : 0,
        "bw_bytes" : 0,
        "bw" : 0,
        "iops" : 0.000000,
        "runtime" : 0,
        "total_ios" : 0,
        "short_ios" : 0,
        "drop_ios" : 0,
        "slat_ns" : {
          "min" : 0,
          "max" : 0,
          "mean" : 0.000000,
          "stddev" : 0.000000,
          "N" : 0
        },
        "clat_ns" : {
          "min" : 0,
          "max" : 0,
          "mean" : 0.000000,
          "stddev" : 0.000000,
          "N" : 0
        },
        "lat_ns" : {
          "min" : 0,
          "max" : 0,
          "mean" : 0.000000,
          "stddev" : 0.000000,
          "N" : 0
        },
        "bw_min" : 0,
        "bw_max" : 0,
        "bw_agg" : 0.000000,
        "bw_mean" : 0.000000,
        "bw_dev" : 0.000000,
        "bw_samples" : 0,
        "iops_min" : 0,
        "iops_max" : 0,
        "iops_mean" : 0.000000,
        "iops_stddev" : 0.000000,
        "iops_samples" : 0
      },
      "sync" : {
        "total_ios" : 0,
        "lat_ns" : {
          "min" : 0,
          "max" : 0,
          "mean" : 0.000000,
          "stddev" : 0.000000,
          "N" : 0
        }
      },
      "job_runtime" : 1615926,
      "usr_cpu" : 0.321983,
      "sys_cpu" : 0.817364,
      "ctx" : 43985,
      "majf" : 0,
      "minf" : 13,
      "iodepth_level" : {
        "1" : 100.000000,
        "2" : 0.000000,
        "4" : 0.000000,
        "8" : 0.000000,
        "16" : 0.000000,
        "32" : 0.000000,
        ">=64" : 0.000000
      },
      "iodepth_submit" : {
        "0" : 0.000000,
        "4" : 100.000000,
        "8" : 0.000000,
        "16" : 0.000000,
        "32" : 0.000000,
        "64" : 0.000000,
        ">=64" : 0.000000
      },
      "iodepth_complete" : {
        "0" : 0.000000,
        "4" : 100.000000,
        "8" : 0.000000,
        "16" : 0.000000,
        "32" : 0.000000,
        "64" : 0.000000,
        ">=64" : 0.000000
      },
      "latency_ns" : {
        "2" : 0.000000,
        "4" : 0.000000,
        "10" : 0.000000,
        "20" : 0.000000,
        "50" : 0.000000,
        "100" : 0.000000,
        "250" : 0.000000,
        "500" : 0.000000,
        "750" : 0.011215,
        "1000" : 0.699196
      },
      "latency_us" : {
        "2" : 0.636177,
        "4" : 92.996674,
        "10" : 3.668671,
        "20" : 0.062599,
        "50" : 0.290642,
        "100" : 0.017357,
        "250" : 0.054169,
        "500" : 0.010000,
        "750" : 0.010000,
        "1000" : 0.010000
      },
      "latency_ms" : {
        "2" : 0.010000,
        "4" : 0.010000,
        "10" : 0.588570,
        "20" : 0.047150,
        "50" : 0.371056,
        "100" : 0.494728,
        "250" : 0.031891,
        "500" : 0.015182,
        "750" : 0.010000,
        "1000" : 0.010000,
        "2000" : 0.010000,
        ">=2000" : 0.010000
      },
      "latency_depth" : 1,
      "latency_target" : 0,
      "latency_percentile" : 100.000000,
      "latency_window" : 0
    }
  ]
}
