{
  "fio version" : "fio-3.41",
  "timestamp" : 1774621165,
  "timestamp_ms" : 1774621165315,
  "time" : "Fri Mar 27 10:19:25 2026",
  "jobs" : [
    {
      "jobname" : "test_2_read",
      "groupid" : 0,
      "job_start" : 1774619887417,
      "error" : 0,
      "eta" : 0,
      "elapsed" : 1279,
      "job options" : {
        "name" : "test_2_read",
        "filename" : "test2.junk",
        "size" : "10gb",
        "rw" : "read"
      },
      "read" : {
        "io_bytes" : 10737418240,
        "io_kbytes" : 10485760,
        "bw_bytes" : 8403445,
        "bw" : 8206,
        "iops" : 2051.622396,
        "runtime" : 1277740,
        "total_ios" : 2621440,
        "short_ios" : 0,
        "drop_ios" : 0,
        "slat_ns" : {
          "min" : 0,
          "max" : 0,
          "mean" : 0.000000,
          "stddev" : 0.000000,
          "N" : 0
        },
        "clat_ns" : {
          "min" : 234,
          "max" : 4419352501,
          "mean" : 487019.310853,
          "stddev" : 6670401.394072,
          "N" : 2621440,
          "percentile" : {
            "1.000000" : 278,
            "5.000000" : 286,
            "10.000000" : 290,
            "20.000000" : 302,
            "30.000000" : 402,
            "40.000000" : 532,
            "50.000000" : 932,
            "60.000000" : 1160,
            "70.000000" : 1336,
            "80.000000" : 1512,
            "90.000000" : 1832,
            "95.000000" : 2288,
            "99.000000" : 5668864,
            "99.500000" : 52166656,
            "99.900000" : 59506688,
            "99.950000" : 64749568,
            "99.990000" : 137363456
          }
        },
        "lat_ns" : {
          "min" : 249,
          "max" : 4419352517,
          "mean" : 487068.546747,
          "stddev" : 6670400.718953,
          "N" : 2621440
        },
        "bw_min" : 512,
        "bw_max" : 10260,
        "bw_agg" : 100.000000,
        "bw_mean" : 8318.943695,
        "bw_dev" : 1355.148755,
        "bw_samples" : 2522,
        "iops_min" : 128,
        "iops_max" : 2565,
        "iops_mean" : 2079.658208,
        "iops_stddev" : 338.773112,
        "iops_samples" : 2522
      },
      "write" : {
        "io_bytes" : 0,
        "io_kbytes" : 0,
        "bw_bytes" : 0,
        "bw" : 0,
        "iops" : 0.000000,
        "runtime" : 0,
        "total_ios" : 0,
        "short_ios" : 0,
        "drop_ios" : 0,
        "slat_ns" : {
          "min" : 0,
          "max" : 0,
          "mean" : 0.000000,
          "stddev" : 0.000000,
          "N" : 0
        },
        "clat_ns" : {
          "min" : 0,
          "max" : 0,
          "mean" : 0.000000,
          "stddev" : 0.000000,
          "N" : 0
        },
        "lat_ns" : {
          "min" : 0,
          "max" : 0,
          "mean" : 0.000000,
          "stddev" : 0.000000,
          "N" : 0
        },
        "bw_min" : 0,
        "bw_max" : 0,
        "bw_agg" : 0.000000,
        "bw_mean" : 0.000000,
        "bw_dev" : 0.000000,
        "bw_samples" : 0,
        "iops_min" : 0,
        "iops_max" : 0,
        "iops_mean" : 0.000000,
        "iops_stddev" : 0.000000,
        "iops_samples" : 0
      },
      "trim" : {
        "io_bytes" : 0,
        "io_kbytes" : 0,
        "bw_bytes" : 0,
        "bw" : 0,
        "iops" : 0.000000,
        "runtime" : 0,
        "total_ios" : 0,
        "short_ios" : 0,
        "drop_ios" : 0,
        "slat_ns" : {
          "min" : 0,
          "max" : 0,
          "mean" : 0.000000,
          "stddev" : 0.000000,
          "N" : 0
        },
        "clat_ns" : {
          "min" : 0,
          "max" : 0,
          "mean" : 0.000000,
          "stddev" : 0.000000,
          "N" : 0
        },
        "lat_ns" : {
          "min" : 0,
          "max" : 0,
          "mean" : 0.000000,
          "stddev" : 0.000000,
          "N" : 0
        },
        "bw_min" : 0,
        "bw_max" : 0,
        "bw_agg" : 0.000000,
        "bw_mean" : 0.000000,
        "bw_dev" : 0.000000,
        "bw_samples" : 0,
        "iops_min" : 0,
        "iops_max" : 0,
        "iops_mean" : 0.000000,
        "iops_stddev" : 0.000000,
        "iops_samples" : 0
      },
      "sync" : {
        "total_ios" : 0,
        "lat_ns" : {
          "min" : 0,
          "max" : 0,
          "mean" : 0.000000,
          "stddev" : 0.000000,
          "N" : 0
        }
      },
      "job_runtime" : 1277739,
      "usr_cpu" : 0.127804,
      "sys_cpu" : 0.551130,
      "ctx" : 42797,
      "majf" : 0,
      "minf" : 10,
      "iodepth_level" : {
        "1" : 100.000000,
        "2" : 0.000000,
        "4" : 0.000000,
        "8" : 0.000000,
        "16" : 0.000000,
        "32" : 0.000000,
        ">=64" : 0.000000
      },
      "iodepth_submit" : {
        "0" : 0.000000,
        "4" : 100.000000,
        "8" : 0.000000,
        "16" : 0.000000,
        "32" : 0.000000,
        "64" : 0.000000,
        ">=64" : 0.000000
      },
      "iodepth_complete" : {
        "0" : 0.000000,
        "4" : 100.000000,
        "8" : 0.000000,
        "16" : 0.000000,
        "32" : 0.000000,
        "64" : 0.000000,
        ">=64" : 0.000000
      },
      "latency_ns" : {
        "2" : 0.000000,
        "4" : 0.000000,
        "10" : 0.000000,
        "20" : 0.000000,
        "50" : 0.000000,
        "100" : 0.000000,
        "250" : 0.208015,
        "500" : 37.884941,
        "750" : 7.534943,
        "1000" : 6.395950
      },
      "latency_us" : {
        "2" : 40.755844,
        "4" : 4.714050,
        "10" : 0.778656,
        "20" : 0.068207,
        "50" : 0.053940,
        "100" : 0.010000,
        "250" : 0.046463,
        "500" : 0.029984,
        "750" : 0.021477,
        "1000" : 0.018349
      },
      "latency_ms" : {
        "2" : 0.094109,
        "4" : 0.253792,
        "10" : 0.237808,
        "20" : 0.055542,
        "50" : 0.235710,
        "100" : 0.587769,
        "250" : 0.014191,
        "500" : 0.010000,
        "750" : 0.010000,
        "1000" : 0.000000,
        "2000" : 0.010000,
        ">=2000" : 0.010000
      },
      "latency_depth" : 1,
      "latency_target" : 0,
      "latency_percentile" : 100.000000,
      "latency_window" : 0
    }
  ]
}
