{
  "fio version" : "fio-3.39",
  "timestamp" : 1775219136,
  "timestamp_ms" : 1775219136768,
  "time" : "Fri Apr  3 08:25:36 2026",
  "jobs" : [
    {
      "jobname" : "test_3_write",
      "groupid" : 0,
      "job_start" : 1775218545302,
      "error" : 0,
      "eta" : 0,
      "elapsed" : 592,
      "job options" : {
        "name" : "test_3_write",
        "filename" : "test3.junk",
        "size" : "10gb",
        "rw" : "write"
      },
      "read" : {
        "io_bytes" : 0,
        "io_kbytes" : 0,
        "bw_bytes" : 0,
        "bw" : 0,
        "iops" : 0.000000,
        "runtime" : 0,
        "total_ios" : 0,
        "short_ios" : 0,
        "drop_ios" : 0,
        "slat_ns" : {
          "min" : 0,
          "max" : 0,
          "mean" : 0.000000,
          "stddev" : 0.000000,
          "N" : 0
        },
        "clat_ns" : {
          "min" : 0,
          "max" : 0,
          "mean" : 0.000000,
          "stddev" : 0.000000,
          "N" : 0
        },
        "lat_ns" : {
          "min" : 0,
          "max" : 0,
          "mean" : 0.000000,
          "stddev" : 0.000000,
          "N" : 0
        },
        "bw_min" : 0,
        "bw_max" : 0,
        "bw_agg" : 0.000000,
        "bw_mean" : 0.000000,
        "bw_dev" : 0.000000,
        "bw_samples" : 0,
        "iops_min" : 0,
        "iops_max" : 0,
        "iops_mean" : 0.000000,
        "iops_stddev" : 0.000000,
        "iops_samples" : 0
      },
      "write" : {
        "io_bytes" : 10737418240,
        "io_kbytes" : 10485760,
        "bw_bytes" : 18164562,
        "bw" : 17738,
        "iops" : 4434.707732,
        "runtime" : 591119,
        "total_ios" : 2621440,
        "short_ios" : 0,
        "drop_ios" : 0,
        "slat_ns" : {
          "min" : 0,
          "max" : 0,
          "mean" : 0.000000,
          "stddev" : 0.000000,
          "N" : 0
        },
        "clat_ns" : {
          "min" : 12568,
          "max" : 741184320,
          "mean" : 223942.735878,
          "stddev" : 1695628.720608,
          "N" : 2621440,
          "percentile" : {
            "1.000000" : 13376,
            "5.000000" : 15680,
            "10.000000" : 16512,
            "20.000000" : 17280,
            "30.000000" : 19584,
            "40.000000" : 21120,
            "50.000000" : 23168,
            "60.000000" : 23936,
            "70.000000" : 26496,
            "80.000000" : 39168,
            "90.000000" : 74240,
            "95.000000" : 99840,
            "99.000000" : 7307264,
            "99.500000" : 10420224,
            "99.900000" : 18481152,
            "99.950000" : 23724032,
            "99.990000" : 42205184
          }
        },
        "lat_ns" : {
          "min" : 12647,
          "max" : 741184411,
          "mean" : 224148.052888,
          "stddev" : 1695623.443664,
          "N" : 2621440
        },
        "bw_min" : 208,
        "bw_max" : 20544,
        "bw_agg" : 100.000000,
        "bw_mean" : 17757.393734,
        "bw_dev" : 2144.250374,
        "bw_samples" : 1181,
        "iops_min" : 52,
        "iops_max" : 5136,
        "iops_mean" : 4439.344623,
        "iops_stddev" : 536.060420,
        "iops_samples" : 1181
      },
      "trim" : {
        "io_bytes" : 0,
        "io_kbytes" : 0,
        "bw_bytes" : 0,
        "bw" : 0,
        "iops" : 0.000000,
        "runtime" : 0,
        "total_ios" : 0,
        "short_ios" : 0,
        "drop_ios" : 0,
        "slat_ns" : {
          "min" : 0,
          "max" : 0,
          "mean" : 0.000000,
          "stddev" : 0.000000,
          "N" : 0
        },
        "clat_ns" : {
          "min" : 0,
          "max" : 0,
          "mean" : 0.000000,
          "stddev" : 0.000000,
          "N" : 0
        },
        "lat_ns" : {
          "min" : 0,
          "max" : 0,
          "mean" : 0.000000,
          "stddev" : 0.000000,
          "N" : 0
        },
        "bw_min" : 0,
        "bw_max" : 0,
        "bw_agg" : 0.000000,
        "bw_mean" : 0.000000,
        "bw_dev" : 0.000000,
        "bw_samples" : 0,
        "iops_min" : 0,
        "iops_max" : 0,
        "iops_mean" : 0.000000,
        "iops_stddev" : 0.000000,
        "iops_samples" : 0
      },
      "sync" : {
        "total_ios" : 0,
        "lat_ns" : {
          "min" : 0,
          "max" : 0,
          "mean" : 0.000000,
          "stddev" : 0.000000,
          "N" : 0
        }
      },
      "job_runtime" : 591118,
      "usr_cpu" : 1.706258,
      "sys_cpu" : 3.894485,
      "ctx" : 2631628,
      "majf" : 0,
      "minf" : 9,
      "iodepth_level" : {
        "1" : 100.000000,
        "2" : 0.000000,
        "4" : 0.000000,
        "8" : 0.000000,
        "16" : 0.000000,
        "32" : 0.000000,
        ">=64" : 0.000000
      },
      "iodepth_submit" : {
        "0" : 0.000000,
        "4" : 100.000000,
        "8" : 0.000000,
        "16" : 0.000000,
        "32" : 0.000000,
        "64" : 0.000000,
        ">=64" : 0.000000
      },
      "iodepth_complete" : {
        "0" : 0.000000,
        "4" : 100.000000,
        "8" : 0.000000,
        "16" : 0.000000,
        "32" : 0.000000,
        "64" : 0.000000,
        ">=64" : 0.000000
      },
      "latency_ns" : {
        "2" : 0.000000,
        "4" : 0.000000,
        "10" : 0.000000,
        "20" : 0.000000,
        "50" : 0.000000,
        "100" : 0.000000,
        "250" : 0.000000,
        "500" : 0.000000,
        "750" : 0.000000,
        "1000" : 0.000000
      },
      "latency_us" : {
        "2" : 0.000000,
        "4" : 0.000000,
        "10" : 0.000000,
        "20" : 33.383293,
        "50" : 48.783112,
        "100" : 12.892914,
        "250" : 2.299957,
        "500" : 0.092735,
        "750" : 0.032234,
        "1000" : 0.026512
      },
      "latency_ms" : {
        "2" : 0.130234,
        "4" : 0.483665,
        "10" : 1.310463,
        "20" : 0.484924,
        "50" : 0.072937,
        "100" : 0.010000,
        "250" : 0.010000,
        "500" : 0.000000,
        "750" : 0.010000,
        "1000" : 0.000000,
        "2000" : 0.000000,
        ">=2000" : 0.000000
      },
      "latency_depth" : 1,
      "latency_target" : 0,
      "latency_percentile" : 100.000000,
      "latency_window" : 0
    }
  ]
}
